,,,,Check this out !!!,,
name_x,name_y,quality,,name_x,name_y,quality
Apple,Apple,TRUE,,Borage,Cauliflower,FALSE
Apple,Apricot,TRUE,,Carrots,Celery,FALSE
Apricot,Apricot,TRUE,,Cherry,Chervil,FALSE
Apple,Asparagus,TRUE,,Apricot,Chives,FALSE
Apricot,Asparagus,TRUE,,Carrots,Coriander,FALSE
Asparagus,Asparagus,TRUE,,Celery,Coriander,FALSE
Apple,Basil,TRUE,,Coriander,Dill,FALSE
Apricot,Basil,TRUE,,Cucumber,Dill,FALSE
Asparagus,Basil,TRUE,,Coriander,Fennel,FALSE
Basil,Basil,TRUE,,Coriander,Marigold,FALSE
Apple,Beans,TRUE,,Dill,Marigold,FALSE
Apricot,Beans,TRUE,,Cherry,Garlic,FALSE
Asparagus,Beans,TRUE,,Chervil,Garlic,FALSE
Basil,Beans,TRUE,,Fruit Trees,Grass,FALSE
Beans,Beans,TRUE,,Garlic,Grass,FALSE
Apple,Broad Beans,TRUE,,Cabbages,Lavender,FALSE
Apricot,Broad Beans,TRUE,,Chamomile,Lavender,FALSE
Asparagus,Broad Beans,TRUE,,Cherry,Lemon Balm,FALSE
Basil,Broad Beans,TRUE,,Chervil,Lemon Balm,FALSE
Beans,Broad Beans,TRUE,,Fruit Trees,Lemon Balm,FALSE
Broad Beans,Broad Beans,TRUE,,Garlic,Lemon Balm,FALSE
Apple,Bush Beans,TRUE,,Cauliflower,Lettuce,FALSE
Apricot,Bush Beans,TRUE,,Celery,Lettuce,FALSE
Asparagus,Bush Beans,TRUE,,Chervil,Lettuce,FALSE
Basil,Bush Beans,TRUE,,Chervil,Marjoram,FALSE
Beans,Bush Beans,TRUE,,Eggplant,Marjoram,FALSE
Broad Beans,Bush Beans,TRUE,,Fennel,Marjoram,FALSE
Bush Beans,Bush Beans,TRUE,,Lavender,Marjoram,FALSE
Apple,Climbing Beans,TRUE,,Lemon Balm,Marjoram,FALSE
Apricot,Climbing Beans,TRUE,,Cabbages,Mulberry,FALSE
Asparagus,Climbing Beans,TRUE,,Chervil,Mulberry,FALSE
Basil,Climbing Beans,TRUE,,Chives,Mulberry,FALSE
Beans,Climbing Beans,TRUE,,Lemon Balm,Mulberry,FALSE
Broad Beans,Climbing Beans,TRUE,,Basil,Nasturtiums,FALSE
Bush Beans,Climbing Beans,TRUE,,Broccoli,Nasturtiums,FALSE
Climbing Beans,Climbing Beans,TRUE,,Lemon Balm,Nasturtiums,FALSE
Apple,Beets,TRUE,,Chives,Parsley,FALSE
Apricot,Beets,TRUE,,Coriander,Parsley,FALSE
Asparagus,Beets,TRUE,,Dill,Parsley,FALSE
Basil,Beets,TRUE,,Chervil,Parsnip,FALSE
Beans,Beets,TRUE,,Chives,Parsnip,FALSE
Broad Beans,Beets,TRUE,,Coriander,Parsnip,FALSE
Bush Beans,Beets,TRUE,,Corn,Parsnip,FALSE
Climbing Beans,Beets,TRUE,,Dill,Parsnip,FALSE
Beets,Beets,TRUE,,Lettuce,Parsnip,FALSE
Apple,Borage,TRUE,,Beans,Peas,FALSE
Apricot,Borage,TRUE,,Chervil,Peas,FALSE
Asparagus,Borage,TRUE,,Chives,Peas,FALSE
Basil,Borage,TRUE,,Garlic,Peas,FALSE
Beans,Borage,TRUE,,Gooseberry,Peas,FALSE
Broad Beans,Borage,TRUE,,Cabbages,Pennyroyal,FALSE
Bush Beans,Borage,TRUE,,Carrots,Pennyroyal,FALSE
Climbing Beans,Borage,TRUE,,Lettuce,Potato,FALSE
Beets,Borage,TRUE,,Potato,Pumpkin,FALSE
Borage,Borage,TRUE,,Lettuce,Radish,FALSE
Apple,Broccoli,TRUE,,Potato,Raspberry,FALSE
Apricot,Broccoli,TRUE,,Lettuce,Rosemary,FALSE
Asparagus,Broccoli,TRUE,,Lavender,Roses,FALSE
Basil,Broccoli,TRUE,,Lemon Balm,Roses,FALSE
Beans,Broccoli,TRUE,,Carrots,Rue,FALSE
Broad Beans,Broccoli,TRUE,,Lavender,Rue,FALSE
Bush Beans,Broccoli,TRUE,,Lemon Balm,Rue,FALSE
Climbing Beans,Broccoli,TRUE,,Raspberry,Rue,FALSE
Beets,Broccoli,TRUE,,Lavender,Silverbeet,FALSE
Borage,Broccoli,TRUE,,Leeks,Silverbeet,FALSE
Broccoli,Broccoli,TRUE,,Chives,Spinach,FALSE
Apple,Brussell Sprouts,TRUE,,Nasturtiums,Spinach,FALSE
Apricot,Brussell Sprouts,TRUE,,Borage,Squash,FALSE
Asparagus,Brussell Sprouts,TRUE,,Corn,Squash,FALSE
Basil,Brussell Sprouts,TRUE,,Marigold,Squash,FALSE
Beans,Brussell Sprouts,TRUE,,Fruit Trees,Squash,FALSE
Broad Beans,Brussell Sprouts,TRUE,,Garlic,Squash,FALSE
Bush Beans,Brussell Sprouts,TRUE,,Marjoram,Squash,FALSE
Climbing Beans,Brussell Sprouts,TRUE,,Onions,Squash,FALSE
Beets,Brussell Sprouts,TRUE,,Garlic,Strawberries,FALSE
Borage,Brussell Sprouts,TRUE,,Squash,Sunï¬‚ower,FALSE
Broccoli,Brussell Sprouts,TRUE,,Squash,Tansy,FALSE
Brussell Sprouts,Brussell Sprouts,TRUE,,Climbing Beans,Tomato,FALSE
Apple,Cabbages,TRUE,,Cherry,Tomato,FALSE
Apricot,Cabbages,TRUE,,Chervil,Yarrow,FALSE
Asparagus,Cabbages,TRUE,,Tansy,Yarrow,FALSE
Basil,Cabbages,TRUE,,,,
Beans,Cabbages,TRUE,,,,
Broad Beans,Cabbages,TRUE,,,,
Bush Beans,Cabbages,TRUE,,,,
Climbing Beans,Cabbages,TRUE,,,,
Beets,Cabbages,TRUE,,,,
Borage,Cabbages,TRUE,,,,
Broccoli,Cabbages,TRUE,,,,
Brussell Sprouts,Cabbages,TRUE,,,,
Cabbages,Cabbages,TRUE,,,,
Apple,Chamomile,TRUE,,,,
Apricot,Chamomile,TRUE,,,,
Asparagus,Chamomile,TRUE,,,,
Basil,Chamomile,TRUE,,,,
Beans,Chamomile,TRUE,,,,
Broad Beans,Chamomile,TRUE,,,,
Bush Beans,Chamomile,TRUE,,,,
Climbing Beans,Chamomile,TRUE,,,,
Beets,Chamomile,TRUE,,,,
Borage,Chamomile,TRUE,,,,
Broccoli,Chamomile,TRUE,,,,
Brussell Sprouts,Chamomile,TRUE,,,,
Cabbages,Chamomile,TRUE,,,,
Chamomile,Chamomile,TRUE,,,,
Apple,Carrots,TRUE,,,,
Apricot,Carrots,TRUE,,,,
Asparagus,Carrots,TRUE,,,,
Basil,Carrots,TRUE,,,,
Beans,Carrots,TRUE,,,,
Broad Beans,Carrots,TRUE,,,,
Bush Beans,Carrots,TRUE,,,,
Climbing Beans,Carrots,TRUE,,,,
Beets,Carrots,TRUE,,,,
Borage,Carrots,TRUE,,,,
Broccoli,Carrots,TRUE,,,,
Brussell Sprouts,Carrots,TRUE,,,,
Cabbages,Carrots,TRUE,,,,
Chamomile,Carrots,TRUE,,,,
Carrots,Carrots,TRUE,,,,
Apple,Cauliflower,TRUE,,,,
Apricot,Cauliflower,TRUE,,,,
Asparagus,Cauliflower,TRUE,,,,
Basil,Cauliflower,TRUE,,,,
Beans,Cauliflower,TRUE,,,,
Broad Beans,Cauliflower,TRUE,,,,
Bush Beans,Cauliflower,TRUE,,,,
Climbing Beans,Cauliflower,TRUE,,,,
Beets,Cauliflower,TRUE,,,,
Borage,Cauliflower,FALSE,,,,
Broccoli,Cauliflower,TRUE,,,,
Brussell Sprouts,Cauliflower,TRUE,,,,
Cabbages,Cauliflower,TRUE,,,,
Chamomile,Cauliflower,TRUE,,,,
Carrots,Cauliflower,TRUE,,,,
Cauliflower,Cauliflower,TRUE,,,,
Apple,Celery,TRUE,,,,
Apricot,Celery,TRUE,,,,
Asparagus,Celery,TRUE,,,,
Basil,Celery,TRUE,,,,
Beans,Celery,TRUE,,,,
Broad Beans,Celery,TRUE,,,,
Bush Beans,Celery,TRUE,,,,
Climbing Beans,Celery,TRUE,,,,
Beets,Celery,TRUE,,,,
Borage,Celery,TRUE,,,,
Broccoli,Celery,TRUE,,,,
Brussell Sprouts,Celery,TRUE,,,,
Cabbages,Celery,TRUE,,,,
Chamomile,Celery,TRUE,,,,
Carrots,Celery,FALSE,,,,
Cauliflower,Celery,TRUE,,,,
Celery,Celery,TRUE,,,,
Apple,Cherry,TRUE,,,,
Apricot,Cherry,TRUE,,,,
Asparagus,Cherry,TRUE,,,,
Basil,Cherry,TRUE,,,,
Beans,Cherry,TRUE,,,,
Broad Beans,Cherry,TRUE,,,,
Bush Beans,Cherry,TRUE,,,,
Climbing Beans,Cherry,TRUE,,,,
Beets,Cherry,TRUE,,,,
Borage,Cherry,TRUE,,,,
Broccoli,Cherry,TRUE,,,,
Brussell Sprouts,Cherry,TRUE,,,,
Cabbages,Cherry,TRUE,,,,
Chamomile,Cherry,TRUE,,,,
Carrots,Cherry,TRUE,,,,
Cauliflower,Cherry,TRUE,,,,
Celery,Cherry,TRUE,,,,
Cherry,Cherry,TRUE,,,,
Apple,Chervil,TRUE,,,,
Apricot,Chervil,TRUE,,,,
Asparagus,Chervil,TRUE,,,,
Basil,Chervil,TRUE,,,,
Beans,Chervil,TRUE,,,,
Broad Beans,Chervil,TRUE,,,,
Bush Beans,Chervil,TRUE,,,,
Climbing Beans,Chervil,TRUE,,,,
Beets,Chervil,TRUE,,,,
Borage,Chervil,TRUE,,,,
Broccoli,Chervil,TRUE,,,,
Brussell Sprouts,Chervil,TRUE,,,,
Cabbages,Chervil,TRUE,,,,
Chamomile,Chervil,TRUE,,,,
Carrots,Chervil,TRUE,,,,
Cauliflower,Chervil,TRUE,,,,
Celery,Chervil,TRUE,,,,
Cherry,Chervil,FALSE,,,,
Chervil,Chervil,TRUE,,,,
Apple,Chives,TRUE,,,,
Apricot,Chives,FALSE,,,,
Asparagus,Chives,TRUE,,,,
Basil,Chives,TRUE,,,,
Beans,Chives,TRUE,,,,
Broad Beans,Chives,TRUE,,,,
Bush Beans,Chives,TRUE,,,,
Climbing Beans,Chives,TRUE,,,,
Beets,Chives,TRUE,,,,
Borage,Chives,TRUE,,,,
Broccoli,Chives,TRUE,,,,
Brussell Sprouts,Chives,TRUE,,,,
Cabbages,Chives,TRUE,,,,
Chamomile,Chives,TRUE,,,,
Carrots,Chives,TRUE,,,,
Cauliflower,Chives,TRUE,,,,
Celery,Chives,TRUE,,,,
Cherry,Chives,TRUE,,,,
Chervil,Chives,TRUE,,,,
Chives,Chives,TRUE,,,,
Apple,Coriander,TRUE,,,,
Apricot,Coriander,TRUE,,,,
Asparagus,Coriander,TRUE,,,,
Basil,Coriander,TRUE,,,,
Beans,Coriander,TRUE,,,,
Broad Beans,Coriander,TRUE,,,,
Bush Beans,Coriander,TRUE,,,,
Climbing Beans,Coriander,TRUE,,,,
Beets,Coriander,TRUE,,,,
Borage,Coriander,TRUE,,,,
Broccoli,Coriander,TRUE,,,,
Brussell Sprouts,Coriander,TRUE,,,,
Cabbages,Coriander,TRUE,,,,
Chamomile,Coriander,TRUE,,,,
Carrots,Coriander,FALSE,,,,
Cauliflower,Coriander,TRUE,,,,
Celery,Coriander,FALSE,,,,
Cherry,Coriander,TRUE,,,,
Chervil,Coriander,TRUE,,,,
Chives,Coriander,TRUE,,,,
Coriander,Coriander,TRUE,,,,
Apple,Corn,TRUE,,,,
Apricot,Corn,TRUE,,,,
Asparagus,Corn,TRUE,,,,
Basil,Corn,TRUE,,,,
Beans,Corn,TRUE,,,,
Broad Beans,Corn,TRUE,,,,
Bush Beans,Corn,TRUE,,,,
Climbing Beans,Corn,TRUE,,,,
Beets,Corn,TRUE,,,,
Borage,Corn,TRUE,,,,
Broccoli,Corn,TRUE,,,,
Brussell Sprouts,Corn,TRUE,,,,
Cabbages,Corn,TRUE,,,,
Chamomile,Corn,TRUE,,,,
Carrots,Corn,TRUE,,,,
Cauliflower,Corn,TRUE,,,,
Celery,Corn,TRUE,,,,
Cherry,Corn,TRUE,,,,
Chervil,Corn,TRUE,,,,
Chives,Corn,TRUE,,,,
Coriander,Corn,TRUE,,,,
Corn,Corn,TRUE,,,,
Apple,Cucumber,TRUE,,,,
Apricot,Cucumber,TRUE,,,,
Asparagus,Cucumber,TRUE,,,,
Basil,Cucumber,TRUE,,,,
Beans,Cucumber,TRUE,,,,
Broad Beans,Cucumber,TRUE,,,,
Bush Beans,Cucumber,TRUE,,,,
Climbing Beans,Cucumber,TRUE,,,,
Beets,Cucumber,TRUE,,,,
Borage,Cucumber,TRUE,,,,
Broccoli,Cucumber,TRUE,,,,
Brussell Sprouts,Cucumber,TRUE,,,,
Cabbages,Cucumber,TRUE,,,,
Chamomile,Cucumber,TRUE,,,,
Carrots,Cucumber,TRUE,,,,
Cauliflower,Cucumber,TRUE,,,,
Celery,Cucumber,TRUE,,,,
Cherry,Cucumber,TRUE,,,,
Chervil,Cucumber,TRUE,,,,
Chives,Cucumber,TRUE,,,,
Coriander,Cucumber,TRUE,,,,
Corn,Cucumber,TRUE,,,,
Cucumber,Cucumber,TRUE,,,,
Apple,Dill,TRUE,,,,
Apricot,Dill,TRUE,,,,
Asparagus,Dill,TRUE,,,,
Basil,Dill,TRUE,,,,
Beans,Dill,TRUE,,,,
Broad Beans,Dill,TRUE,,,,
Bush Beans,Dill,TRUE,,,,
Climbing Beans,Dill,TRUE,,,,
Beets,Dill,TRUE,,,,
Borage,Dill,TRUE,,,,
Broccoli,Dill,TRUE,,,,
Brussell Sprouts,Dill,TRUE,,,,
Cabbages,Dill,TRUE,,,,
Chamomile,Dill,TRUE,,,,
Carrots,Dill,TRUE,,,,
Cauliflower,Dill,TRUE,,,,
Celery,Dill,TRUE,,,,
Cherry,Dill,TRUE,,,,
Chervil,Dill,TRUE,,,,
Chives,Dill,TRUE,,,,
Coriander,Dill,FALSE,,,,
Corn,Dill,TRUE,,,,
Cucumber,Dill,FALSE,,,,
Dill,Dill,TRUE,,,,
Apple,Eggplant,TRUE,,,,
Apricot,Eggplant,TRUE,,,,
Asparagus,Eggplant,TRUE,,,,
Basil,Eggplant,TRUE,,,,
Beans,Eggplant,TRUE,,,,
Broad Beans,Eggplant,TRUE,,,,
Bush Beans,Eggplant,TRUE,,,,
Climbing Beans,Eggplant,TRUE,,,,
Beets,Eggplant,TRUE,,,,
Borage,Eggplant,TRUE,,,,
Broccoli,Eggplant,TRUE,,,,
Brussell Sprouts,Eggplant,TRUE,,,,
Cabbages,Eggplant,TRUE,,,,
Chamomile,Eggplant,TRUE,,,,
Carrots,Eggplant,TRUE,,,,
Cauliflower,Eggplant,TRUE,,,,
Celery,Eggplant,TRUE,,,,
Cherry,Eggplant,TRUE,,,,
Chervil,Eggplant,TRUE,,,,
Chives,Eggplant,TRUE,,,,
Coriander,Eggplant,TRUE,,,,
Corn,Eggplant,TRUE,,,,
Cucumber,Eggplant,TRUE,,,,
Dill,Eggplant,TRUE,,,,
Eggplant,Eggplant,TRUE,,,,
Apple,Fennel,TRUE,,,,
Apricot,Fennel,TRUE,,,,
Asparagus,Fennel,TRUE,,,,
Basil,Fennel,TRUE,,,,
Beans,Fennel,TRUE,,,,
Broad Beans,Fennel,TRUE,,,,
Bush Beans,Fennel,TRUE,,,,
Climbing Beans,Fennel,TRUE,,,,
Beets,Fennel,TRUE,,,,
Borage,Fennel,TRUE,,,,
Broccoli,Fennel,TRUE,,,,
Brussell Sprouts,Fennel,TRUE,,,,
Cabbages,Fennel,TRUE,,,,
Chamomile,Fennel,TRUE,,,,
Carrots,Fennel,TRUE,,,,
Cauliflower,Fennel,TRUE,,,,
Celery,Fennel,TRUE,,,,
Cherry,Fennel,TRUE,,,,
Chervil,Fennel,TRUE,,,,
Chives,Fennel,TRUE,,,,
Coriander,Fennel,FALSE,,,,
Corn,Fennel,TRUE,,,,
Cucumber,Fennel,TRUE,,,,
Dill,Fennel,TRUE,,,,
Eggplant,Fennel,TRUE,,,,
Fennel,Fennel,TRUE,,,,
Apple,Marigold,TRUE,,,,
Apricot,Marigold,TRUE,,,,
Asparagus,Marigold,TRUE,,,,
Basil,Marigold,TRUE,,,,
Beans,Marigold,TRUE,,,,
Broad Beans,Marigold,TRUE,,,,
Bush Beans,Marigold,TRUE,,,,
Climbing Beans,Marigold,TRUE,,,,
Beets,Marigold,TRUE,,,,
Borage,Marigold,TRUE,,,,
Broccoli,Marigold,TRUE,,,,
Brussell Sprouts,Marigold,TRUE,,,,
Cabbages,Marigold,TRUE,,,,
Chamomile,Marigold,TRUE,,,,
Carrots,Marigold,TRUE,,,,
Cauliflower,Marigold,TRUE,,,,
Celery,Marigold,TRUE,,,,
Cherry,Marigold,TRUE,,,,
Chervil,Marigold,TRUE,,,,
Chives,Marigold,TRUE,,,,
Coriander,Marigold,FALSE,,,,
Corn,Marigold,TRUE,,,,
Cucumber,Marigold,TRUE,,,,
Dill,Marigold,FALSE,,,,
Eggplant,Marigold,TRUE,,,,
Fennel,Marigold,TRUE,,,,
Marigold,Marigold,TRUE,,,,
Apple,Fruit Trees,TRUE,,,,
Apricot,Fruit Trees,TRUE,,,,
Asparagus,Fruit Trees,TRUE,,,,
Basil,Fruit Trees,TRUE,,,,
Beans,Fruit Trees,TRUE,,,,
Broad Beans,Fruit Trees,TRUE,,,,
Bush Beans,Fruit Trees,TRUE,,,,
Climbing Beans,Fruit Trees,TRUE,,,,
Beets,Fruit Trees,TRUE,,,,
Borage,Fruit Trees,TRUE,,,,
Broccoli,Fruit Trees,TRUE,,,,
Brussell Sprouts,Fruit Trees,TRUE,,,,
Cabbages,Fruit Trees,TRUE,,,,
Chamomile,Fruit Trees,TRUE,,,,
Carrots,Fruit Trees,TRUE,,,,
Cauliflower,Fruit Trees,TRUE,,,,
Celery,Fruit Trees,TRUE,,,,
Cherry,Fruit Trees,TRUE,,,,
Chervil,Fruit Trees,TRUE,,,,
Chives,Fruit Trees,TRUE,,,,
Coriander,Fruit Trees,TRUE,,,,
Corn,Fruit Trees,TRUE,,,,
Cucumber,Fruit Trees,TRUE,,,,
Dill,Fruit Trees,TRUE,,,,
Eggplant,Fruit Trees,TRUE,,,,
Fennel,Fruit Trees,TRUE,,,,
Marigold,Fruit Trees,TRUE,,,,
Fruit Trees,Fruit Trees,TRUE,,,,
Apple,Garlic,TRUE,,,,
Apricot,Garlic,TRUE,,,,
Asparagus,Garlic,TRUE,,,,
Basil,Garlic,TRUE,,,,
Beans,Garlic,TRUE,,,,
Broad Beans,Garlic,TRUE,,,,
Bush Beans,Garlic,TRUE,,,,
Climbing Beans,Garlic,TRUE,,,,
Beets,Garlic,TRUE,,,,
Borage,Garlic,TRUE,,,,
Broccoli,Garlic,TRUE,,,,
Brussell Sprouts,Garlic,TRUE,,,,
Cabbages,Garlic,TRUE,,,,
Chamomile,Garlic,TRUE,,,,
Carrots,Garlic,TRUE,,,,
Cauliflower,Garlic,TRUE,,,,
Celery,Garlic,TRUE,,,,
Cherry,Garlic,FALSE,,,,
Chervil,Garlic,FALSE,,,,
Chives,Garlic,TRUE,,,,
Coriander,Garlic,TRUE,,,,
Corn,Garlic,TRUE,,,,
Cucumber,Garlic,TRUE,,,,
Dill,Garlic,TRUE,,,,
Eggplant,Garlic,TRUE,,,,
Fennel,Garlic,TRUE,,,,
Marigold,Garlic,TRUE,,,,
Fruit Trees,Garlic,TRUE,,,,
Garlic,Garlic,TRUE,,,,
Apple,Gooseberry,TRUE,,,,
Apricot,Gooseberry,TRUE,,,,
Asparagus,Gooseberry,TRUE,,,,
Basil,Gooseberry,TRUE,,,,
Beans,Gooseberry,TRUE,,,,
Broad Beans,Gooseberry,TRUE,,,,
Bush Beans,Gooseberry,TRUE,,,,
Climbing Beans,Gooseberry,TRUE,,,,
Beets,Gooseberry,TRUE,,,,
Borage,Gooseberry,TRUE,,,,
Broccoli,Gooseberry,TRUE,,,,
Brussell Sprouts,Gooseberry,TRUE,,,,
Cabbages,Gooseberry,TRUE,,,,
Chamomile,Gooseberry,TRUE,,,,
Carrots,Gooseberry,TRUE,,,,
Cauliflower,Gooseberry,TRUE,,,,
Celery,Gooseberry,TRUE,,,,
Cherry,Gooseberry,TRUE,,,,
Chervil,Gooseberry,TRUE,,,,
Chives,Gooseberry,TRUE,,,,
Coriander,Gooseberry,TRUE,,,,
Corn,Gooseberry,TRUE,,,,
Cucumber,Gooseberry,TRUE,,,,
Dill,Gooseberry,TRUE,,,,
Eggplant,Gooseberry,TRUE,,,,
Fennel,Gooseberry,TRUE,,,,
Marigold,Gooseberry,TRUE,,,,
Fruit Trees,Gooseberry,TRUE,,,,
Garlic,Gooseberry,TRUE,,,,
Gooseberry,Gooseberry,TRUE,,,,
Apple,Grape Vine,TRUE,,,,
Apricot,Grape Vine,TRUE,,,,
Asparagus,Grape Vine,TRUE,,,,
Basil,Grape Vine,TRUE,,,,
Beans,Grape Vine,TRUE,,,,
Broad Beans,Grape Vine,TRUE,,,,
Bush Beans,Grape Vine,TRUE,,,,
Climbing Beans,Grape Vine,TRUE,,,,
Beets,Grape Vine,TRUE,,,,
Borage,Grape Vine,TRUE,,,,
Broccoli,Grape Vine,TRUE,,,,
Brussell Sprouts,Grape Vine,TRUE,,,,
Cabbages,Grape Vine,TRUE,,,,
Chamomile,Grape Vine,TRUE,,,,
Carrots,Grape Vine,TRUE,,,,
Cauliflower,Grape Vine,TRUE,,,,
Celery,Grape Vine,TRUE,,,,
Cherry,Grape Vine,TRUE,,,,
Chervil,Grape Vine,TRUE,,,,
Chives,Grape Vine,TRUE,,,,
Coriander,Grape Vine,TRUE,,,,
Corn,Grape Vine,TRUE,,,,
Cucumber,Grape Vine,TRUE,,,,
Dill,Grape Vine,TRUE,,,,
Eggplant,Grape Vine,TRUE,,,,
Fennel,Grape Vine,TRUE,,,,
Marigold,Grape Vine,TRUE,,,,
Fruit Trees,Grape Vine,TRUE,,,,
Garlic,Grape Vine,TRUE,,,,
Gooseberry,Grape Vine,TRUE,,,,
Grape Vine,Grape Vine,TRUE,,,,
Apple,Grass,TRUE,,,,
Apricot,Grass,TRUE,,,,
Asparagus,Grass,TRUE,,,,
Basil,Grass,TRUE,,,,
Beans,Grass,TRUE,,,,
Broad Beans,Grass,TRUE,,,,
Bush Beans,Grass,TRUE,,,,
Climbing Beans,Grass,TRUE,,,,
Beets,Grass,TRUE,,,,
Borage,Grass,TRUE,,,,
Broccoli,Grass,TRUE,,,,
Brussell Sprouts,Grass,TRUE,,,,
Cabbages,Grass,TRUE,,,,
Chamomile,Grass,TRUE,,,,
Carrots,Grass,TRUE,,,,
Cauliflower,Grass,TRUE,,,,
Celery,Grass,TRUE,,,,
Cherry,Grass,TRUE,,,,
Chervil,Grass,TRUE,,,,
Chives,Grass,TRUE,,,,
Coriander,Grass,TRUE,,,,
Corn,Grass,TRUE,,,,
Cucumber,Grass,TRUE,,,,
Dill,Grass,TRUE,,,,
Eggplant,Grass,TRUE,,,,
Fennel,Grass,TRUE,,,,
Marigold,Grass,TRUE,,,,
Fruit Trees,Grass,FALSE,,,,
Garlic,Grass,FALSE,,,,
Gooseberry,Grass,TRUE,,,,
Grape Vine,Grass,TRUE,,,,
Grass,Grass,TRUE,,,,
Apple,Horseradish,TRUE,,,,
Apricot,Horseradish,TRUE,,,,
Asparagus,Horseradish,TRUE,,,,
Basil,Horseradish,TRUE,,,,
Beans,Horseradish,TRUE,,,,
Broad Beans,Horseradish,TRUE,,,,
Bush Beans,Horseradish,TRUE,,,,
Climbing Beans,Horseradish,TRUE,,,,
Beets,Horseradish,TRUE,,,,
Borage,Horseradish,TRUE,,,,
Broccoli,Horseradish,TRUE,,,,
Brussell Sprouts,Horseradish,TRUE,,,,
Cabbages,Horseradish,TRUE,,,,
Chamomile,Horseradish,TRUE,,,,
Carrots,Horseradish,TRUE,,,,
Cauliflower,Horseradish,TRUE,,,,
Celery,Horseradish,TRUE,,,,
Cherry,Horseradish,TRUE,,,,
Chervil,Horseradish,TRUE,,,,
Chives,Horseradish,TRUE,,,,
Coriander,Horseradish,TRUE,,,,
Corn,Horseradish,TRUE,,,,
Cucumber,Horseradish,TRUE,,,,
Dill,Horseradish,TRUE,,,,
Eggplant,Horseradish,TRUE,,,,
Fennel,Horseradish,TRUE,,,,
Marigold,Horseradish,TRUE,,,,
Fruit Trees,Horseradish,TRUE,,,,
Garlic,Horseradish,TRUE,,,,
Gooseberry,Horseradish,TRUE,,,,
Grape Vine,Horseradish,TRUE,,,,
Grass,Horseradish,TRUE,,,,
Horseradish,Horseradish,TRUE,,,,
Apple,Lavender,TRUE,,,,
Apricot,Lavender,TRUE,,,,
Asparagus,Lavender,TRUE,,,,
Basil,Lavender,TRUE,,,,
Beans,Lavender,TRUE,,,,
Broad Beans,Lavender,TRUE,,,,
Bush Beans,Lavender,TRUE,,,,
Climbing Beans,Lavender,TRUE,,,,
Beets,Lavender,TRUE,,,,
Borage,Lavender,TRUE,,,,
Broccoli,Lavender,TRUE,,,,
Brussell Sprouts,Lavender,TRUE,,,,
Cabbages,Lavender,FALSE,,,,
Chamomile,Lavender,FALSE,,,,
Carrots,Lavender,TRUE,,,,
Cauliflower,Lavender,TRUE,,,,
Celery,Lavender,TRUE,,,,
Cherry,Lavender,TRUE,,,,
Chervil,Lavender,TRUE,,,,
Chives,Lavender,TRUE,,,,
Coriander,Lavender,TRUE,,,,
Corn,Lavender,TRUE,,,,
Cucumber,Lavender,TRUE,,,,
Dill,Lavender,TRUE,,,,
Eggplant,Lavender,TRUE,,,,
Fennel,Lavender,TRUE,,,,
Marigold,Lavender,TRUE,,,,
Fruit Trees,Lavender,TRUE,,,,
Garlic,Lavender,TRUE,,,,
Gooseberry,Lavender,TRUE,,,,
Grape Vine,Lavender,TRUE,,,,
Grass,Lavender,TRUE,,,,
Horseradish,Lavender,TRUE,,,,
Lavender,Lavender,TRUE,,,,
Apple,Leeks,TRUE,,,,
Apricot,Leeks,TRUE,,,,
Asparagus,Leeks,TRUE,,,,
Basil,Leeks,TRUE,,,,
Beans,Leeks,TRUE,,,,
Broad Beans,Leeks,TRUE,,,,
Bush Beans,Leeks,TRUE,,,,
Climbing Beans,Leeks,TRUE,,,,
Beets,Leeks,TRUE,,,,
Borage,Leeks,TRUE,,,,
Broccoli,Leeks,TRUE,,,,
Brussell Sprouts,Leeks,TRUE,,,,
Cabbages,Leeks,TRUE,,,,
Chamomile,Leeks,TRUE,,,,
Carrots,Leeks,TRUE,,,,
Cauliflower,Leeks,TRUE,,,,
Celery,Leeks,TRUE,,,,
Cherry,Leeks,TRUE,,,,
Chervil,Leeks,TRUE,,,,
Chives,Leeks,TRUE,,,,
Coriander,Leeks,TRUE,,,,
Corn,Leeks,TRUE,,,,
Cucumber,Leeks,TRUE,,,,
Dill,Leeks,TRUE,,,,
Eggplant,Leeks,TRUE,,,,
Fennel,Leeks,TRUE,,,,
Marigold,Leeks,TRUE,,,,
Fruit Trees,Leeks,TRUE,,,,
Garlic,Leeks,TRUE,,,,
Gooseberry,Leeks,TRUE,,,,
Grape Vine,Leeks,TRUE,,,,
Grass,Leeks,TRUE,,,,
Horseradish,Leeks,TRUE,,,,
Lavender,Leeks,TRUE,,,,
Leeks,Leeks,TRUE,,,,
Apple,Lemon Balm,TRUE,,,,
Apricot,Lemon Balm,TRUE,,,,
Asparagus,Lemon Balm,TRUE,,,,
Basil,Lemon Balm,TRUE,,,,
Beans,Lemon Balm,TRUE,,,,
Broad Beans,Lemon Balm,TRUE,,,,
Bush Beans,Lemon Balm,TRUE,,,,
Climbing Beans,Lemon Balm,TRUE,,,,
Beets,Lemon Balm,TRUE,,,,
Borage,Lemon Balm,TRUE,,,,
Broccoli,Lemon Balm,TRUE,,,,
Brussell Sprouts,Lemon Balm,TRUE,,,,
Cabbages,Lemon Balm,TRUE,,,,
Chamomile,Lemon Balm,TRUE,,,,
Carrots,Lemon Balm,TRUE,,,,
Cauliflower,Lemon Balm,TRUE,,,,
Celery,Lemon Balm,TRUE,,,,
Cherry,Lemon Balm,FALSE,,,,
Chervil,Lemon Balm,FALSE,,,,
Chives,Lemon Balm,TRUE,,,,
Coriander,Lemon Balm,TRUE,,,,
Corn,Lemon Balm,TRUE,,,,
Cucumber,Lemon Balm,TRUE,,,,
Dill,Lemon Balm,TRUE,,,,
Eggplant,Lemon Balm,TRUE,,,,
Fennel,Lemon Balm,TRUE,,,,
Marigold,Lemon Balm,TRUE,,,,
Fruit Trees,Lemon Balm,FALSE,,,,
Garlic,Lemon Balm,FALSE,,,,
Gooseberry,Lemon Balm,TRUE,,,,
Grape Vine,Lemon Balm,TRUE,,,,
Grass,Lemon Balm,TRUE,,,,
Horseradish,Lemon Balm,TRUE,,,,
Lavender,Lemon Balm,TRUE,,,,
Leeks,Lemon Balm,TRUE,,,,
Lemon Balm,Lemon Balm,TRUE,,,,
Apple,Lettuce,TRUE,,,,
Apricot,Lettuce,TRUE,,,,
Asparagus,Lettuce,TRUE,,,,
Basil,Lettuce,TRUE,,,,
Beans,Lettuce,TRUE,,,,
Broad Beans,Lettuce,TRUE,,,,
Bush Beans,Lettuce,TRUE,,,,
Climbing Beans,Lettuce,TRUE,,,,
Beets,Lettuce,TRUE,,,,
Borage,Lettuce,TRUE,,,,
Broccoli,Lettuce,TRUE,,,,
Brussell Sprouts,Lettuce,TRUE,,,,
Cabbages,Lettuce,TRUE,,,,
Chamomile,Lettuce,TRUE,,,,
Carrots,Lettuce,TRUE,,,,
Cauliflower,Lettuce,FALSE,,,,
Celery,Lettuce,FALSE,,,,
Cherry,Lettuce,TRUE,,,,
Chervil,Lettuce,FALSE,,,,
Chives,Lettuce,TRUE,,,,
Coriander,Lettuce,TRUE,,,,
Corn,Lettuce,TRUE,,,,
Cucumber,Lettuce,TRUE,,,,
Dill,Lettuce,TRUE,,,,
Eggplant,Lettuce,TRUE,,,,
Fennel,Lettuce,TRUE,,,,
Marigold,Lettuce,TRUE,,,,
Fruit Trees,Lettuce,TRUE,,,,
Garlic,Lettuce,TRUE,,,,
Gooseberry,Lettuce,TRUE,,,,
Grape Vine,Lettuce,TRUE,,,,
Grass,Lettuce,TRUE,,,,
Horseradish,Lettuce,TRUE,,,,
Lavender,Lettuce,TRUE,,,,
Leeks,Lettuce,TRUE,,,,
Lemon Balm,Lettuce,TRUE,,,,
Lettuce,Lettuce,TRUE,,,,
Apple,Marjoram,TRUE,,,,
Apricot,Marjoram,TRUE,,,,
Asparagus,Marjoram,TRUE,,,,
Basil,Marjoram,TRUE,,,,
Beans,Marjoram,TRUE,,,,
Broad Beans,Marjoram,TRUE,,,,
Bush Beans,Marjoram,TRUE,,,,
Climbing Beans,Marjoram,TRUE,,,,
Beets,Marjoram,TRUE,,,,
Borage,Marjoram,TRUE,,,,
Broccoli,Marjoram,TRUE,,,,
Brussell Sprouts,Marjoram,TRUE,,,,
Cabbages,Marjoram,TRUE,,,,
Chamomile,Marjoram,TRUE,,,,
Carrots,Marjoram,TRUE,,,,
Cauliflower,Marjoram,TRUE,,,,
Celery,Marjoram,TRUE,,,,
Cherry,Marjoram,TRUE,,,,
Chervil,Marjoram,FALSE,,,,
Chives,Marjoram,TRUE,,,,
Coriander,Marjoram,TRUE,,,,
Corn,Marjoram,TRUE,,,,
Cucumber,Marjoram,TRUE,,,,
Dill,Marjoram,TRUE,,,,
Eggplant,Marjoram,FALSE,,,,
Fennel,Marjoram,FALSE,,,,
Marigold,Marjoram,TRUE,,,,
Fruit Trees,Marjoram,TRUE,,,,
Garlic,Marjoram,TRUE,,,,
Gooseberry,Marjoram,TRUE,,,,
Grape Vine,Marjoram,TRUE,,,,
Grass,Marjoram,TRUE,,,,
Horseradish,Marjoram,TRUE,,,,
Lavender,Marjoram,FALSE,,,,
Leeks,Marjoram,TRUE,,,,
Lemon Balm,Marjoram,FALSE,,,,
Lettuce,Marjoram,TRUE,,,,
Marjoram,Marjoram,TRUE,,,,
Apple,Mints,TRUE,,,,
Apricot,Mints,TRUE,,,,
Asparagus,Mints,TRUE,,,,
Basil,Mints,TRUE,,,,
Beans,Mints,TRUE,,,,
Broad Beans,Mints,TRUE,,,,
Bush Beans,Mints,TRUE,,,,
Climbing Beans,Mints,TRUE,,,,
Beets,Mints,TRUE,,,,
Borage,Mints,TRUE,,,,
Broccoli,Mints,TRUE,,,,
Brussell Sprouts,Mints,TRUE,,,,
Cabbages,Mints,TRUE,,,,
Chamomile,Mints,TRUE,,,,
Carrots,Mints,TRUE,,,,
Cauliflower,Mints,TRUE,,,,
Celery,Mints,TRUE,,,,
Cherry,Mints,TRUE,,,,
Chervil,Mints,TRUE,,,,
Chives,Mints,TRUE,,,,
Coriander,Mints,TRUE,,,,
Corn,Mints,TRUE,,,,
Cucumber,Mints,TRUE,,,,
Dill,Mints,TRUE,,,,
Eggplant,Mints,TRUE,,,,
Fennel,Mints,TRUE,,,,
Marigold,Mints,TRUE,,,,
Fruit Trees,Mints,TRUE,,,,
Garlic,Mints,TRUE,,,,
Gooseberry,Mints,TRUE,,,,
Grape Vine,Mints,TRUE,,,,
Grass,Mints,TRUE,,,,
Horseradish,Mints,TRUE,,,,
Lavender,Mints,TRUE,,,,
Leeks,Mints,TRUE,,,,
Lemon Balm,Mints,TRUE,,,,
Lettuce,Mints,TRUE,,,,
Marjoram,Mints,TRUE,,,,
Mints,Mints,TRUE,,,,
Apple,Mulberry,TRUE,,,,
Apricot,Mulberry,TRUE,,,,
Asparagus,Mulberry,TRUE,,,,
Basil,Mulberry,TRUE,,,,
Beans,Mulberry,TRUE,,,,
Broad Beans,Mulberry,TRUE,,,,
Bush Beans,Mulberry,TRUE,,,,
Climbing Beans,Mulberry,TRUE,,,,
Beets,Mulberry,TRUE,,,,
Borage,Mulberry,TRUE,,,,
Broccoli,Mulberry,TRUE,,,,
Brussell Sprouts,Mulberry,TRUE,,,,
Cabbages,Mulberry,FALSE,,,,
Chamomile,Mulberry,TRUE,,,,
Carrots,Mulberry,TRUE,,,,
Cauliflower,Mulberry,TRUE,,,,
Celery,Mulberry,TRUE,,,,
Cherry,Mulberry,TRUE,,,,
Chervil,Mulberry,FALSE,,,,
Chives,Mulberry,FALSE,,,,
Coriander,Mulberry,TRUE,,,,
Corn,Mulberry,TRUE,,,,
Cucumber,Mulberry,TRUE,,,,
Dill,Mulberry,TRUE,,,,
Eggplant,Mulberry,TRUE,,,,
Fennel,Mulberry,TRUE,,,,
Marigold,Mulberry,TRUE,,,,
Fruit Trees,Mulberry,TRUE,,,,
Garlic,Mulberry,TRUE,,,,
Gooseberry,Mulberry,TRUE,,,,
Grape Vine,Mulberry,TRUE,,,,
Grass,Mulberry,TRUE,,,,
Horseradish,Mulberry,TRUE,,,,
Lavender,Mulberry,TRUE,,,,
Leeks,Mulberry,TRUE,,,,
Lemon Balm,Mulberry,FALSE,,,,
Lettuce,Mulberry,TRUE,,,,
Marjoram,Mulberry,TRUE,,,,
Mints,Mulberry,TRUE,,,,
Mulberry,Mulberry,TRUE,,,,
Apple,Mustard,TRUE,,,,
Apricot,Mustard,TRUE,,,,
Asparagus,Mustard,TRUE,,,,
Basil,Mustard,TRUE,,,,
Beans,Mustard,TRUE,,,,
Broad Beans,Mustard,TRUE,,,,
Bush Beans,Mustard,TRUE,,,,
Climbing Beans,Mustard,TRUE,,,,
Beets,Mustard,TRUE,,,,
Borage,Mustard,TRUE,,,,
Broccoli,Mustard,TRUE,,,,
Brussell Sprouts,Mustard,TRUE,,,,
Cabbages,Mustard,TRUE,,,,
Chamomile,Mustard,TRUE,,,,
Carrots,Mustard,TRUE,,,,
Cauliflower,Mustard,TRUE,,,,
Celery,Mustard,TRUE,,,,
Cherry,Mustard,TRUE,,,,
Chervil,Mustard,TRUE,,,,
Chives,Mustard,TRUE,,,,
Coriander,Mustard,TRUE,,,,
Corn,Mustard,TRUE,,,,
Cucumber,Mustard,TRUE,,,,
Dill,Mustard,TRUE,,,,
Eggplant,Mustard,TRUE,,,,
Fennel,Mustard,TRUE,,,,
Marigold,Mustard,TRUE,,,,
Fruit Trees,Mustard,TRUE,,,,
Garlic,Mustard,TRUE,,,,
Gooseberry,Mustard,TRUE,,,,
Grape Vine,Mustard,TRUE,,,,
Grass,Mustard,TRUE,,,,
Horseradish,Mustard,TRUE,,,,
Lavender,Mustard,TRUE,,,,
Leeks,Mustard,TRUE,,,,
Lemon Balm,Mustard,TRUE,,,,
Lettuce,Mustard,TRUE,,,,
Marjoram,Mustard,TRUE,,,,
Mints,Mustard,TRUE,,,,
Mulberry,Mustard,TRUE,,,,
Mustard,Mustard,TRUE,,,,
Apple,Nasturtiums,TRUE,,,,
Apricot,Nasturtiums,TRUE,,,,
Asparagus,Nasturtiums,TRUE,,,,
Basil,Nasturtiums,FALSE,,,,
Beans,Nasturtiums,TRUE,,,,
Broad Beans,Nasturtiums,TRUE,,,,
Bush Beans,Nasturtiums,TRUE,,,,
Climbing Beans,Nasturtiums,TRUE,,,,
Beets,Nasturtiums,TRUE,,,,
Borage,Nasturtiums,TRUE,,,,
Broccoli,Nasturtiums,FALSE,,,,
Brussell Sprouts,Nasturtiums,TRUE,,,,
Cabbages,Nasturtiums,TRUE,,,,
Chamomile,Nasturtiums,TRUE,,,,
Carrots,Nasturtiums,TRUE,,,,
Cauliflower,Nasturtiums,TRUE,,,,
Celery,Nasturtiums,TRUE,,,,
Cherry,Nasturtiums,TRUE,,,,
Chervil,Nasturtiums,TRUE,,,,
Chives,Nasturtiums,TRUE,,,,
Coriander,Nasturtiums,TRUE,,,,
Corn,Nasturtiums,TRUE,,,,
Cucumber,Nasturtiums,TRUE,,,,
Dill,Nasturtiums,TRUE,,,,
Eggplant,Nasturtiums,TRUE,,,,
Fennel,Nasturtiums,TRUE,,,,
Marigold,Nasturtiums,TRUE,,,,
Fruit Trees,Nasturtiums,TRUE,,,,
Garlic,Nasturtiums,TRUE,,,,
Gooseberry,Nasturtiums,TRUE,,,,
Grape Vine,Nasturtiums,TRUE,,,,
Grass,Nasturtiums,TRUE,,,,
Horseradish,Nasturtiums,TRUE,,,,
Lavender,Nasturtiums,TRUE,,,,
Leeks,Nasturtiums,TRUE,,,,
Lemon Balm,Nasturtiums,FALSE,,,,
Lettuce,Nasturtiums,TRUE,,,,
Marjoram,Nasturtiums,TRUE,,,,
Mints,Nasturtiums,TRUE,,,,
Mulberry,Nasturtiums,TRUE,,,,
Mustard,Nasturtiums,TRUE,,,,
Nasturtiums,Nasturtiums,TRUE,,,,
Apple,Onions,TRUE,,,,
Apricot,Onions,TRUE,,,,
Asparagus,Onions,TRUE,,,,
Basil,Onions,TRUE,,,,
Beans,Onions,TRUE,,,,
Broad Beans,Onions,TRUE,,,,
Bush Beans,Onions,TRUE,,,,
Climbing Beans,Onions,TRUE,,,,
Beets,Onions,TRUE,,,,
Borage,Onions,TRUE,,,,
Broccoli,Onions,TRUE,,,,
Brussell Sprouts,Onions,TRUE,,,,
Cabbages,Onions,TRUE,,,,
Chamomile,Onions,TRUE,,,,
Carrots,Onions,TRUE,,,,
Cauliflower,Onions,TRUE,,,,
Celery,Onions,TRUE,,,,
Cherry,Onions,TRUE,,,,
Chervil,Onions,TRUE,,,,
Chives,Onions,TRUE,,,,
Coriander,Onions,TRUE,,,,
Corn,Onions,TRUE,,,,
Cucumber,Onions,TRUE,,,,
Dill,Onions,TRUE,,,,
Eggplant,Onions,TRUE,,,,
Fennel,Onions,TRUE,,,,
Marigold,Onions,TRUE,,,,
Fruit Trees,Onions,TRUE,,,,
Garlic,Onions,TRUE,,,,
Gooseberry,Onions,TRUE,,,,
Grape Vine,Onions,TRUE,,,,
Grass,Onions,TRUE,,,,
Horseradish,Onions,TRUE,,,,
Lavender,Onions,TRUE,,,,
Leeks,Onions,TRUE,,,,
Lemon Balm,Onions,TRUE,,,,
Lettuce,Onions,TRUE,,,,
Marjoram,Onions,TRUE,,,,
Mints,Onions,TRUE,,,,
Mulberry,Onions,TRUE,,,,
Mustard,Onions,TRUE,,,,
Nasturtiums,Onions,TRUE,,,,
Onions,Onions,TRUE,,,,
Apple,Parsley,TRUE,,,,
Apricot,Parsley,TRUE,,,,
Asparagus,Parsley,TRUE,,,,
Basil,Parsley,TRUE,,,,
Beans,Parsley,TRUE,,,,
Broad Beans,Parsley,TRUE,,,,
Bush Beans,Parsley,TRUE,,,,
Climbing Beans,Parsley,TRUE,,,,
Beets,Parsley,TRUE,,,,
Borage,Parsley,TRUE,,,,
Broccoli,Parsley,TRUE,,,,
Brussell Sprouts,Parsley,TRUE,,,,
Cabbages,Parsley,TRUE,,,,
Chamomile,Parsley,TRUE,,,,
Carrots,Parsley,TRUE,,,,
Cauliflower,Parsley,TRUE,,,,
Celery,Parsley,TRUE,,,,
Cherry,Parsley,TRUE,,,,
Chervil,Parsley,TRUE,,,,
Chives,Parsley,FALSE,,,,
Coriander,Parsley,FALSE,,,,
Corn,Parsley,TRUE,,,,
Cucumber,Parsley,TRUE,,,,
Dill,Parsley,FALSE,,,,
Eggplant,Parsley,TRUE,,,,
Fennel,Parsley,TRUE,,,,
Marigold,Parsley,TRUE,,,,
Fruit Trees,Parsley,TRUE,,,,
Garlic,Parsley,TRUE,,,,
Gooseberry,Parsley,TRUE,,,,
Grape Vine,Parsley,TRUE,,,,
Grass,Parsley,TRUE,,,,
Horseradish,Parsley,TRUE,,,,
Lavender,Parsley,TRUE,,,,
Leeks,Parsley,TRUE,,,,
Lemon Balm,Parsley,TRUE,,,,
Lettuce,Parsley,TRUE,,,,
Marjoram,Parsley,TRUE,,,,
Mints,Parsley,TRUE,,,,
Mulberry,Parsley,TRUE,,,,
Mustard,Parsley,TRUE,,,,
Nasturtiums,Parsley,TRUE,,,,
Onions,Parsley,TRUE,,,,
Parsley,Parsley,TRUE,,,,
Apple,Parsnip,TRUE,,,,
Apricot,Parsnip,TRUE,,,,
Asparagus,Parsnip,TRUE,,,,
Basil,Parsnip,TRUE,,,,
Beans,Parsnip,TRUE,,,,
Broad Beans,Parsnip,TRUE,,,,
Bush Beans,Parsnip,TRUE,,,,
Climbing Beans,Parsnip,TRUE,,,,
Beets,Parsnip,TRUE,,,,
Borage,Parsnip,TRUE,,,,
Broccoli,Parsnip,TRUE,,,,
Brussell Sprouts,Parsnip,TRUE,,,,
Cabbages,Parsnip,TRUE,,,,
Chamomile,Parsnip,TRUE,,,,
Carrots,Parsnip,TRUE,,,,
Cauliflower,Parsnip,TRUE,,,,
Celery,Parsnip,TRUE,,,,
Cherry,Parsnip,TRUE,,,,
Chervil,Parsnip,FALSE,,,,
Chives,Parsnip,FALSE,,,,
Coriander,Parsnip,FALSE,,,,
Corn,Parsnip,FALSE,,,,
Cucumber,Parsnip,TRUE,,,,
Dill,Parsnip,FALSE,,,,
Eggplant,Parsnip,TRUE,,,,
Fennel,Parsnip,TRUE,,,,
Marigold,Parsnip,TRUE,,,,
Fruit Trees,Parsnip,TRUE,,,,
Garlic,Parsnip,TRUE,,,,
Gooseberry,Parsnip,TRUE,,,,
Grape Vine,Parsnip,TRUE,,,,
Grass,Parsnip,TRUE,,,,
Horseradish,Parsnip,TRUE,,,,
Lavender,Parsnip,TRUE,,,,
Leeks,Parsnip,TRUE,,,,
Lemon Balm,Parsnip,TRUE,,,,
Lettuce,Parsnip,FALSE,,,,
Marjoram,Parsnip,TRUE,,,,
Mints,Parsnip,TRUE,,,,
Mulberry,Parsnip,TRUE,,,,
Mustard,Parsnip,TRUE,,,,
Nasturtiums,Parsnip,TRUE,,,,
Onions,Parsnip,TRUE,,,,
Parsley,Parsnip,TRUE,,,,
Parsnip,Parsnip,TRUE,,,,
Apple,Peas,TRUE,,,,
Apricot,Peas,TRUE,,,,
Asparagus,Peas,TRUE,,,,
Basil,Peas,TRUE,,,,
Beans,Peas,FALSE,,,,
Broad Beans,Peas,TRUE,,,,
Bush Beans,Peas,TRUE,,,,
Climbing Beans,Peas,TRUE,,,,
Beets,Peas,TRUE,,,,
Borage,Peas,TRUE,,,,
Broccoli,Peas,TRUE,,,,
Brussell Sprouts,Peas,TRUE,,,,
Cabbages,Peas,TRUE,,,,
Chamomile,Peas,TRUE,,,,
Carrots,Peas,TRUE,,,,
Cauliflower,Peas,TRUE,,,,
Celery,Peas,TRUE,,,,
Cherry,Peas,TRUE,,,,
Chervil,Peas,FALSE,,,,
Chives,Peas,FALSE,,,,
Coriander,Peas,TRUE,,,,
Corn,Peas,TRUE,,,,
Cucumber,Peas,TRUE,,,,
Dill,Peas,TRUE,,,,
Eggplant,Peas,TRUE,,,,
Fennel,Peas,TRUE,,,,
Marigold,Peas,TRUE,,,,
Fruit Trees,Peas,TRUE,,,,
Garlic,Peas,FALSE,,,,
Gooseberry,Peas,FALSE,,,,
Grape Vine,Peas,TRUE,,,,
Grass,Peas,TRUE,,,,
Horseradish,Peas,TRUE,,,,
Lavender,Peas,TRUE,,,,
Leeks,Peas,TRUE,,,,
Lemon Balm,Peas,TRUE,,,,
Lettuce,Peas,TRUE,,,,
Marjoram,Peas,TRUE,,,,
Mints,Peas,TRUE,,,,
Mulberry,Peas,TRUE,,,,
Mustard,Peas,TRUE,,,,
Nasturtiums,Peas,TRUE,,,,
Onions,Peas,TRUE,,,,
Parsley,Peas,TRUE,,,,
Parsnip,Peas,TRUE,,,,
Peas,Peas,TRUE,,,,
Apple,Pennyroyal,TRUE,,,,
Apricot,Pennyroyal,TRUE,,,,
Asparagus,Pennyroyal,TRUE,,,,
Basil,Pennyroyal,TRUE,,,,
Beans,Pennyroyal,TRUE,,,,
Broad Beans,Pennyroyal,TRUE,,,,
Bush Beans,Pennyroyal,TRUE,,,,
Climbing Beans,Pennyroyal,TRUE,,,,
Beets,Pennyroyal,TRUE,,,,
Borage,Pennyroyal,TRUE,,,,
Broccoli,Pennyroyal,TRUE,,,,
Brussell Sprouts,Pennyroyal,TRUE,,,,
Cabbages,Pennyroyal,FALSE,,,,
Chamomile,Pennyroyal,TRUE,,,,
Carrots,Pennyroyal,FALSE,,,,
Cauliflower,Pennyroyal,TRUE,,,,
Celery,Pennyroyal,TRUE,,,,
Cherry,Pennyroyal,TRUE,,,,
Chervil,Pennyroyal,TRUE,,,,
Chives,Pennyroyal,TRUE,,,,
Coriander,Pennyroyal,TRUE,,,,
Corn,Pennyroyal,TRUE,,,,
Cucumber,Pennyroyal,TRUE,,,,
Dill,Pennyroyal,TRUE,,,,
Eggplant,Pennyroyal,TRUE,,,,
Fennel,Pennyroyal,TRUE,,,,
Marigold,Pennyroyal,TRUE,,,,
Fruit Trees,Pennyroyal,TRUE,,,,
Garlic,Pennyroyal,TRUE,,,,
Gooseberry,Pennyroyal,TRUE,,,,
Grape Vine,Pennyroyal,TRUE,,,,
Grass,Pennyroyal,TRUE,,,,
Horseradish,Pennyroyal,TRUE,,,,
Lavender,Pennyroyal,TRUE,,,,
Leeks,Pennyroyal,TRUE,,,,
Lemon Balm,Pennyroyal,TRUE,,,,
Lettuce,Pennyroyal,TRUE,,,,
Marjoram,Pennyroyal,TRUE,,,,
Mints,Pennyroyal,TRUE,,,,
Mulberry,Pennyroyal,TRUE,,,,
Mustard,Pennyroyal,TRUE,,,,
Nasturtiums,Pennyroyal,TRUE,,,,
Onions,Pennyroyal,TRUE,,,,
Parsley,Pennyroyal,TRUE,,,,
Parsnip,Pennyroyal,TRUE,,,,
Peas,Pennyroyal,TRUE,,,,
Pennyroyal,Pennyroyal,TRUE,,,,
Apple,Potato,TRUE,,,,
Apricot,Potato,TRUE,,,,
Asparagus,Potato,TRUE,,,,
Basil,Potato,TRUE,,,,
Beans,Potato,TRUE,,,,
Broad Beans,Potato,TRUE,,,,
Bush Beans,Potato,TRUE,,,,
Climbing Beans,Potato,TRUE,,,,
Beets,Potato,TRUE,,,,
Borage,Potato,TRUE,,,,
Broccoli,Potato,TRUE,,,,
Brussell Sprouts,Potato,TRUE,,,,
Cabbages,Potato,TRUE,,,,
Chamomile,Potato,TRUE,,,,
Carrots,Potato,TRUE,,,,
Cauliflower,Potato,TRUE,,,,
Celery,Potato,TRUE,,,,
Cherry,Potato,TRUE,,,,
Chervil,Potato,TRUE,,,,
Chives,Potato,TRUE,,,,
Coriander,Potato,TRUE,,,,
Corn,Potato,TRUE,,,,
Cucumber,Potato,TRUE,,,,
Dill,Potato,TRUE,,,,
Eggplant,Potato,TRUE,,,,
Fennel,Potato,TRUE,,,,
Marigold,Potato,TRUE,,,,
Fruit Trees,Potato,TRUE,,,,
Garlic,Potato,TRUE,,,,
Gooseberry,Potato,TRUE,,,,
Grape Vine,Potato,TRUE,,,,
Grass,Potato,TRUE,,,,
Horseradish,Potato,TRUE,,,,
Lavender,Potato,TRUE,,,,
Leeks,Potato,TRUE,,,,
Lemon Balm,Potato,TRUE,,,,
Lettuce,Potato,FALSE,,,,
Marjoram,Potato,TRUE,,,,
Mints,Potato,TRUE,,,,
Mulberry,Potato,TRUE,,,,
Mustard,Potato,TRUE,,,,
Nasturtiums,Potato,TRUE,,,,
Onions,Potato,TRUE,,,,
Parsley,Potato,TRUE,,,,
Parsnip,Potato,TRUE,,,,
Peas,Potato,TRUE,,,,
Pennyroyal,Potato,TRUE,,,,
Potato,Potato,TRUE,,,,
Apple,Pumpkin,TRUE,,,,
Apricot,Pumpkin,TRUE,,,,
Asparagus,Pumpkin,TRUE,,,,
Basil,Pumpkin,TRUE,,,,
Beans,Pumpkin,TRUE,,,,
Broad Beans,Pumpkin,TRUE,,,,
Bush Beans,Pumpkin,TRUE,,,,
Climbing Beans,Pumpkin,TRUE,,,,
Beets,Pumpkin,TRUE,,,,
Borage,Pumpkin,TRUE,,,,
Broccoli,Pumpkin,TRUE,,,,
Brussell Sprouts,Pumpkin,TRUE,,,,
Cabbages,Pumpkin,TRUE,,,,
Chamomile,Pumpkin,TRUE,,,,
Carrots,Pumpkin,TRUE,,,,
Cauliflower,Pumpkin,TRUE,,,,
Celery,Pumpkin,TRUE,,,,
Cherry,Pumpkin,TRUE,,,,
Chervil,Pumpkin,TRUE,,,,
Chives,Pumpkin,TRUE,,,,
Coriander,Pumpkin,TRUE,,,,
Corn,Pumpkin,TRUE,,,,
Cucumber,Pumpkin,TRUE,,,,
Dill,Pumpkin,TRUE,,,,
Eggplant,Pumpkin,TRUE,,,,
Fennel,Pumpkin,TRUE,,,,
Marigold,Pumpkin,TRUE,,,,
Fruit Trees,Pumpkin,TRUE,,,,
Garlic,Pumpkin,TRUE,,,,
Gooseberry,Pumpkin,TRUE,,,,
Grape Vine,Pumpkin,TRUE,,,,
Grass,Pumpkin,TRUE,,,,
Horseradish,Pumpkin,TRUE,,,,
Lavender,Pumpkin,TRUE,,,,
Leeks,Pumpkin,TRUE,,,,
Lemon Balm,Pumpkin,TRUE,,,,
Lettuce,Pumpkin,TRUE,,,,
Marjoram,Pumpkin,TRUE,,,,
Mints,Pumpkin,TRUE,,,,
Mulberry,Pumpkin,TRUE,,,,
Mustard,Pumpkin,TRUE,,,,
Nasturtiums,Pumpkin,TRUE,,,,
Onions,Pumpkin,TRUE,,,,
Parsley,Pumpkin,TRUE,,,,
Parsnip,Pumpkin,TRUE,,,,
Peas,Pumpkin,TRUE,,,,
Pennyroyal,Pumpkin,TRUE,,,,
Potato,Pumpkin,FALSE,,,,
Pumpkin,Pumpkin,TRUE,,,,
Apple,Radish,TRUE,,,,
Apricot,Radish,TRUE,,,,
Asparagus,Radish,TRUE,,,,
Basil,Radish,TRUE,,,,
Beans,Radish,TRUE,,,,
Broad Beans,Radish,TRUE,,,,
Bush Beans,Radish,TRUE,,,,
Climbing Beans,Radish,TRUE,,,,
Beets,Radish,TRUE,,,,
Borage,Radish,TRUE,,,,
Broccoli,Radish,TRUE,,,,
Brussell Sprouts,Radish,TRUE,,,,
Cabbages,Radish,TRUE,,,,
Chamomile,Radish,TRUE,,,,
Carrots,Radish,TRUE,,,,
Cauliflower,Radish,TRUE,,,,
Celery,Radish,TRUE,,,,
Cherry,Radish,TRUE,,,,
Chervil,Radish,TRUE,,,,
Chives,Radish,TRUE,,,,
Coriander,Radish,TRUE,,,,
Corn,Radish,TRUE,,,,
Cucumber,Radish,TRUE,,,,
Dill,Radish,TRUE,,,,
Eggplant,Radish,TRUE,,,,
Fennel,Radish,TRUE,,,,
Marigold,Radish,TRUE,,,,
Fruit Trees,Radish,TRUE,,,,
Garlic,Radish,TRUE,,,,
Gooseberry,Radish,TRUE,,,,
Grape Vine,Radish,TRUE,,,,
Grass,Radish,TRUE,,,,
Horseradish,Radish,TRUE,,,,
Lavender,Radish,TRUE,,,,
Leeks,Radish,TRUE,,,,
Lemon Balm,Radish,TRUE,,,,
Lettuce,Radish,FALSE,,,,
Marjoram,Radish,TRUE,,,,
Mints,Radish,TRUE,,,,
Mulberry,Radish,TRUE,,,,
Mustard,Radish,TRUE,,,,
Nasturtiums,Radish,TRUE,,,,
Onions,Radish,TRUE,,,,
Parsley,Radish,TRUE,,,,
Parsnip,Radish,TRUE,,,,
Peas,Radish,TRUE,,,,
Pennyroyal,Radish,TRUE,,,,
Potato,Radish,TRUE,,,,
Pumpkin,Radish,TRUE,,,,
Radish,Radish,TRUE,,,,
Apple,Raspberry,TRUE,,,,
Apricot,Raspberry,TRUE,,,,
Asparagus,Raspberry,TRUE,,,,
Basil,Raspberry,TRUE,,,,
Beans,Raspberry,TRUE,,,,
Broad Beans,Raspberry,TRUE,,,,
Bush Beans,Raspberry,TRUE,,,,
Climbing Beans,Raspberry,TRUE,,,,
Beets,Raspberry,TRUE,,,,
Borage,Raspberry,TRUE,,,,
Broccoli,Raspberry,TRUE,,,,
Brussell Sprouts,Raspberry,TRUE,,,,
Cabbages,Raspberry,TRUE,,,,
Chamomile,Raspberry,TRUE,,,,
Carrots,Raspberry,TRUE,,,,
Cauliflower,Raspberry,TRUE,,,,
Celery,Raspberry,TRUE,,,,
Cherry,Raspberry,TRUE,,,,
Chervil,Raspberry,TRUE,,,,
Chives,Raspberry,TRUE,,,,
Coriander,Raspberry,TRUE,,,,
Corn,Raspberry,TRUE,,,,
Cucumber,Raspberry,TRUE,,,,
Dill,Raspberry,TRUE,,,,
Eggplant,Raspberry,TRUE,,,,
Fennel,Raspberry,TRUE,,,,
Marigold,Raspberry,TRUE,,,,
Fruit Trees,Raspberry,TRUE,,,,
Garlic,Raspberry,TRUE,,,,
Gooseberry,Raspberry,TRUE,,,,
Grape Vine,Raspberry,TRUE,,,,
Grass,Raspberry,TRUE,,,,
Horseradish,Raspberry,TRUE,,,,
Lavender,Raspberry,TRUE,,,,
Leeks,Raspberry,TRUE,,,,
Lemon Balm,Raspberry,TRUE,,,,
Lettuce,Raspberry,TRUE,,,,
Marjoram,Raspberry,TRUE,,,,
Mints,Raspberry,TRUE,,,,
Mulberry,Raspberry,TRUE,,,,
Mustard,Raspberry,TRUE,,,,
Nasturtiums,Raspberry,TRUE,,,,
Onions,Raspberry,TRUE,,,,
Parsley,Raspberry,TRUE,,,,
Parsnip,Raspberry,TRUE,,,,
Peas,Raspberry,TRUE,,,,
Pennyroyal,Raspberry,TRUE,,,,
Potato,Raspberry,FALSE,,,,
Pumpkin,Raspberry,TRUE,,,,
Radish,Raspberry,TRUE,,,,
Raspberry,Raspberry,TRUE,,,,
Apple,Rosemary,TRUE,,,,
Apricot,Rosemary,TRUE,,,,
Asparagus,Rosemary,TRUE,,,,
Basil,Rosemary,TRUE,,,,
Beans,Rosemary,TRUE,,,,
Broad Beans,Rosemary,TRUE,,,,
Bush Beans,Rosemary,TRUE,,,,
Climbing Beans,Rosemary,TRUE,,,,
Beets,Rosemary,TRUE,,,,
Borage,Rosemary,TRUE,,,,
Broccoli,Rosemary,TRUE,,,,
Brussell Sprouts,Rosemary,TRUE,,,,
Cabbages,Rosemary,TRUE,,,,
Chamomile,Rosemary,TRUE,,,,
Carrots,Rosemary,TRUE,,,,
Cauliflower,Rosemary,TRUE,,,,
Celery,Rosemary,TRUE,,,,
Cherry,Rosemary,TRUE,,,,
Chervil,Rosemary,TRUE,,,,
Chives,Rosemary,TRUE,,,,
Coriander,Rosemary,TRUE,,,,
Corn,Rosemary,TRUE,,,,
Cucumber,Rosemary,TRUE,,,,
Dill,Rosemary,TRUE,,,,
Eggplant,Rosemary,TRUE,,,,
Fennel,Rosemary,TRUE,,,,
Marigold,Rosemary,TRUE,,,,
Fruit Trees,Rosemary,TRUE,,,,
Garlic,Rosemary,TRUE,,,,
Gooseberry,Rosemary,TRUE,,,,
Grape Vine,Rosemary,TRUE,,,,
Grass,Rosemary,TRUE,,,,
Horseradish,Rosemary,TRUE,,,,
Lavender,Rosemary,TRUE,,,,
Leeks,Rosemary,TRUE,,,,
Lemon Balm,Rosemary,TRUE,,,,
Lettuce,Rosemary,FALSE,,,,
Marjoram,Rosemary,TRUE,,,,
Mints,Rosemary,TRUE,,,,
Mulberry,Rosemary,TRUE,,,,
Mustard,Rosemary,TRUE,,,,
Nasturtiums,Rosemary,TRUE,,,,
Onions,Rosemary,TRUE,,,,
Parsley,Rosemary,TRUE,,,,
Parsnip,Rosemary,TRUE,,,,
Peas,Rosemary,TRUE,,,,
Pennyroyal,Rosemary,TRUE,,,,
Potato,Rosemary,TRUE,,,,
Pumpkin,Rosemary,TRUE,,,,
Radish,Rosemary,TRUE,,,,
Raspberry,Rosemary,TRUE,,,,
Rosemary,Rosemary,TRUE,,,,
Apple,Roses,TRUE,,,,
Apricot,Roses,TRUE,,,,
Asparagus,Roses,TRUE,,,,
Basil,Roses,TRUE,,,,
Beans,Roses,TRUE,,,,
Broad Beans,Roses,TRUE,,,,
Bush Beans,Roses,TRUE,,,,
Climbing Beans,Roses,TRUE,,,,
Beets,Roses,TRUE,,,,
Borage,Roses,TRUE,,,,
Broccoli,Roses,TRUE,,,,
Brussell Sprouts,Roses,TRUE,,,,
Cabbages,Roses,TRUE,,,,
Chamomile,Roses,TRUE,,,,
Carrots,Roses,TRUE,,,,
Cauliflower,Roses,TRUE,,,,
Celery,Roses,TRUE,,,,
Cherry,Roses,TRUE,,,,
Chervil,Roses,TRUE,,,,
Chives,Roses,TRUE,,,,
Coriander,Roses,TRUE,,,,
Corn,Roses,TRUE,,,,
Cucumber,Roses,TRUE,,,,
Dill,Roses,TRUE,,,,
Eggplant,Roses,TRUE,,,,
Fennel,Roses,TRUE,,,,
Marigold,Roses,TRUE,,,,
Fruit Trees,Roses,TRUE,,,,
Garlic,Roses,TRUE,,,,
Gooseberry,Roses,TRUE,,,,
Grape Vine,Roses,TRUE,,,,
Grass,Roses,TRUE,,,,
Horseradish,Roses,TRUE,,,,
Lavender,Roses,FALSE,,,,
Leeks,Roses,TRUE,,,,
Lemon Balm,Roses,FALSE,,,,
Lettuce,Roses,TRUE,,,,
Marjoram,Roses,TRUE,,,,
Mints,Roses,TRUE,,,,
Mulberry,Roses,TRUE,,,,
Mustard,Roses,TRUE,,,,
Nasturtiums,Roses,TRUE,,,,
Onions,Roses,TRUE,,,,
Parsley,Roses,TRUE,,,,
Parsnip,Roses,TRUE,,,,
Peas,Roses,TRUE,,,,
Pennyroyal,Roses,TRUE,,,,
Potato,Roses,TRUE,,,,
Pumpkin,Roses,TRUE,,,,
Radish,Roses,TRUE,,,,
Raspberry,Roses,TRUE,,,,
Rosemary,Roses,TRUE,,,,
Roses,Roses,TRUE,,,,
Apple,Rue,TRUE,,,,
Apricot,Rue,TRUE,,,,
Asparagus,Rue,TRUE,,,,
Basil,Rue,TRUE,,,,
Beans,Rue,TRUE,,,,
Broad Beans,Rue,TRUE,,,,
Bush Beans,Rue,TRUE,,,,
Climbing Beans,Rue,TRUE,,,,
Beets,Rue,TRUE,,,,
Borage,Rue,TRUE,,,,
Broccoli,Rue,TRUE,,,,
Brussell Sprouts,Rue,TRUE,,,,
Cabbages,Rue,TRUE,,,,
Chamomile,Rue,TRUE,,,,
Carrots,Rue,FALSE,,,,
Cauliflower,Rue,TRUE,,,,
Celery,Rue,TRUE,,,,
Cherry,Rue,TRUE,,,,
Chervil,Rue,TRUE,,,,
Chives,Rue,TRUE,,,,
Coriander,Rue,TRUE,,,,
Corn,Rue,TRUE,,,,
Cucumber,Rue,TRUE,,,,
Dill,Rue,TRUE,,,,
Eggplant,Rue,TRUE,,,,
Fennel,Rue,TRUE,,,,
Marigold,Rue,TRUE,,,,
Fruit Trees,Rue,TRUE,,,,
Garlic,Rue,TRUE,,,,
Gooseberry,Rue,TRUE,,,,
Grape Vine,Rue,TRUE,,,,
Grass,Rue,TRUE,,,,
Horseradish,Rue,TRUE,,,,
Lavender,Rue,FALSE,,,,
Leeks,Rue,TRUE,,,,
Lemon Balm,Rue,FALSE,,,,
Lettuce,Rue,TRUE,,,,
Marjoram,Rue,TRUE,,,,
Mints,Rue,TRUE,,,,
Mulberry,Rue,TRUE,,,,
Mustard,Rue,TRUE,,,,
Nasturtiums,Rue,TRUE,,,,
Onions,Rue,TRUE,,,,
Parsley,Rue,TRUE,,,,
Parsnip,Rue,TRUE,,,,
Peas,Rue,TRUE,,,,
Pennyroyal,Rue,TRUE,,,,
Potato,Rue,TRUE,,,,
Pumpkin,Rue,TRUE,,,,
Radish,Rue,TRUE,,,,
Raspberry,Rue,FALSE,,,,
Rosemary,Rue,TRUE,,,,
Roses,Rue,TRUE,,,,
Rue,Rue,TRUE,,,,
Apple,Sage,TRUE,,,,
Apricot,Sage,TRUE,,,,
Asparagus,Sage,TRUE,,,,
Basil,Sage,TRUE,,,,
Beans,Sage,TRUE,,,,
Broad Beans,Sage,TRUE,,,,
Bush Beans,Sage,TRUE,,,,
Climbing Beans,Sage,TRUE,,,,
Beets,Sage,TRUE,,,,
Borage,Sage,TRUE,,,,
Broccoli,Sage,TRUE,,,,
Brussell Sprouts,Sage,TRUE,,,,
Cabbages,Sage,TRUE,,,,
Chamomile,Sage,TRUE,,,,
Carrots,Sage,TRUE,,,,
Cauliflower,Sage,TRUE,,,,
Celery,Sage,TRUE,,,,
Cherry,Sage,TRUE,,,,
Chervil,Sage,TRUE,,,,
Chives,Sage,TRUE,,,,
Coriander,Sage,TRUE,,,,
Corn,Sage,TRUE,,,,
Cucumber,Sage,TRUE,,,,
Dill,Sage,TRUE,,,,
Eggplant,Sage,TRUE,,,,
Fennel,Sage,TRUE,,,,
Marigold,Sage,TRUE,,,,
Fruit Trees,Sage,TRUE,,,,
Garlic,Sage,TRUE,,,,
Gooseberry,Sage,TRUE,,,,
Grape Vine,Sage,TRUE,,,,
Grass,Sage,TRUE,,,,
Horseradish,Sage,TRUE,,,,
Lavender,Sage,TRUE,,,,
Leeks,Sage,TRUE,,,,
Lemon Balm,Sage,TRUE,,,,
Lettuce,Sage,TRUE,,,,
Marjoram,Sage,TRUE,,,,
Mints,Sage,TRUE,,,,
Mulberry,Sage,TRUE,,,,
Mustard,Sage,TRUE,,,,
Nasturtiums,Sage,TRUE,,,,
Onions,Sage,TRUE,,,,
Parsley,Sage,TRUE,,,,
Parsnip,Sage,TRUE,,,,
Peas,Sage,TRUE,,,,
Pennyroyal,Sage,TRUE,,,,
Potato,Sage,TRUE,,,,
Pumpkin,Sage,TRUE,,,,
Radish,Sage,TRUE,,,,
Raspberry,Sage,TRUE,,,,
Rosemary,Sage,TRUE,,,,
Roses,Sage,TRUE,,,,
Rue,Sage,TRUE,,,,
Sage,Sage,TRUE,,,,
Apple,Savory,TRUE,,,,
Apricot,Savory,TRUE,,,,
Asparagus,Savory,TRUE,,,,
Basil,Savory,TRUE,,,,
Beans,Savory,TRUE,,,,
Broad Beans,Savory,TRUE,,,,
Bush Beans,Savory,TRUE,,,,
Climbing Beans,Savory,TRUE,,,,
Beets,Savory,TRUE,,,,
Borage,Savory,TRUE,,,,
Broccoli,Savory,TRUE,,,,
Brussell Sprouts,Savory,TRUE,,,,
Cabbages,Savory,TRUE,,,,
Chamomile,Savory,TRUE,,,,
Carrots,Savory,TRUE,,,,
Cauliflower,Savory,TRUE,,,,
Celery,Savory,TRUE,,,,
Cherry,Savory,TRUE,,,,
Chervil,Savory,TRUE,,,,
Chives,Savory,TRUE,,,,
Coriander,Savory,TRUE,,,,
Corn,Savory,TRUE,,,,
Cucumber,Savory,TRUE,,,,
Dill,Savory,TRUE,,,,
Eggplant,Savory,TRUE,,,,
Fennel,Savory,TRUE,,,,
Marigold,Savory,TRUE,,,,
Fruit Trees,Savory,TRUE,,,,
Garlic,Savory,TRUE,,,,
Gooseberry,Savory,TRUE,,,,
Grape Vine,Savory,TRUE,,,,
Grass,Savory,TRUE,,,,
Horseradish,Savory,TRUE,,,,
Lavender,Savory,TRUE,,,,
Leeks,Savory,TRUE,,,,
Lemon Balm,Savory,TRUE,,,,
Lettuce,Savory,TRUE,,,,
Marjoram,Savory,TRUE,,,,
Mints,Savory,TRUE,,,,
Mulberry,Savory,TRUE,,,,
Mustard,Savory,TRUE,,,,
Nasturtiums,Savory,TRUE,,,,
Onions,Savory,TRUE,,,,
Parsley,Savory,TRUE,,,,
Parsnip,Savory,TRUE,,,,
Peas,Savory,TRUE,,,,
Pennyroyal,Savory,TRUE,,,,
Potato,Savory,TRUE,,,,
Pumpkin,Savory,TRUE,,,,
Radish,Savory,TRUE,,,,
Raspberry,Savory,TRUE,,,,
Rosemary,Savory,TRUE,,,,
Roses,Savory,TRUE,,,,
Rue,Savory,TRUE,,,,
Sage,Savory,TRUE,,,,
Savory,Savory,TRUE,,,,
Apple,Shallots,TRUE,,,,
Apricot,Shallots,TRUE,,,,
Asparagus,Shallots,TRUE,,,,
Basil,Shallots,TRUE,,,,
Beans,Shallots,TRUE,,,,
Broad Beans,Shallots,TRUE,,,,
Bush Beans,Shallots,TRUE,,,,
Climbing Beans,Shallots,TRUE,,,,
Beets,Shallots,TRUE,,,,
Borage,Shallots,TRUE,,,,
Broccoli,Shallots,TRUE,,,,
Brussell Sprouts,Shallots,TRUE,,,,
Cabbages,Shallots,TRUE,,,,
Chamomile,Shallots,TRUE,,,,
Carrots,Shallots,TRUE,,,,
Cauliflower,Shallots,TRUE,,,,
Celery,Shallots,TRUE,,,,
Cherry,Shallots,TRUE,,,,
Chervil,Shallots,TRUE,,,,
Chives,Shallots,TRUE,,,,
Coriander,Shallots,TRUE,,,,
Corn,Shallots,TRUE,,,,
Cucumber,Shallots,TRUE,,,,
Dill,Shallots,TRUE,,,,
Eggplant,Shallots,TRUE,,,,
Fennel,Shallots,TRUE,,,,
Marigold,Shallots,TRUE,,,,
Fruit Trees,Shallots,TRUE,,,,
Garlic,Shallots,TRUE,,,,
Gooseberry,Shallots,TRUE,,,,
Grape Vine,Shallots,TRUE,,,,
Grass,Shallots,TRUE,,,,
Horseradish,Shallots,TRUE,,,,
Lavender,Shallots,TRUE,,,,
Leeks,Shallots,TRUE,,,,
Lemon Balm,Shallots,TRUE,,,,
Lettuce,Shallots,TRUE,,,,
Marjoram,Shallots,TRUE,,,,
Mints,Shallots,TRUE,,,,
Mulberry,Shallots,TRUE,,,,
Mustard,Shallots,TRUE,,,,
Nasturtiums,Shallots,TRUE,,,,
Onions,Shallots,TRUE,,,,
Parsley,Shallots,TRUE,,,,
Parsnip,Shallots,TRUE,,,,
Peas,Shallots,TRUE,,,,
Pennyroyal,Shallots,TRUE,,,,
Potato,Shallots,TRUE,,,,
Pumpkin,Shallots,TRUE,,,,
Radish,Shallots,TRUE,,,,
Raspberry,Shallots,TRUE,,,,
Rosemary,Shallots,TRUE,,,,
Roses,Shallots,TRUE,,,,
Rue,Shallots,TRUE,,,,
Sage,Shallots,TRUE,,,,
Savory,Shallots,TRUE,,,,
Shallots,Shallots,TRUE,,,,
Apple,Silverbeet,TRUE,,,,
Apricot,Silverbeet,TRUE,,,,
Asparagus,Silverbeet,TRUE,,,,
Basil,Silverbeet,TRUE,,,,
Beans,Silverbeet,TRUE,,,,
Broad Beans,Silverbeet,TRUE,,,,
Bush Beans,Silverbeet,TRUE,,,,
Climbing Beans,Silverbeet,TRUE,,,,
Beets,Silverbeet,TRUE,,,,
Borage,Silverbeet,TRUE,,,,
Broccoli,Silverbeet,TRUE,,,,
Brussell Sprouts,Silverbeet,TRUE,,,,
Cabbages,Silverbeet,TRUE,,,,
Chamomile,Silverbeet,TRUE,,,,
Carrots,Silverbeet,TRUE,,,,
Cauliflower,Silverbeet,TRUE,,,,
Celery,Silverbeet,TRUE,,,,
Cherry,Silverbeet,TRUE,,,,
Chervil,Silverbeet,TRUE,,,,
Chives,Silverbeet,TRUE,,,,
Coriander,Silverbeet,TRUE,,,,
Corn,Silverbeet,TRUE,,,,
Cucumber,Silverbeet,TRUE,,,,
Dill,Silverbeet,TRUE,,,,
Eggplant,Silverbeet,TRUE,,,,
Fennel,Silverbeet,TRUE,,,,
Marigold,Silverbeet,TRUE,,,,
Fruit Trees,Silverbeet,TRUE,,,,
Garlic,Silverbeet,TRUE,,,,
Gooseberry,Silverbeet,TRUE,,,,
Grape Vine,Silverbeet,TRUE,,,,
Grass,Silverbeet,TRUE,,,,
Horseradish,Silverbeet,TRUE,,,,
Lavender,Silverbeet,FALSE,,,,
Leeks,Silverbeet,FALSE,,,,
Lemon Balm,Silverbeet,TRUE,,,,
Lettuce,Silverbeet,TRUE,,,,
Marjoram,Silverbeet,TRUE,,,,
Mints,Silverbeet,TRUE,,,,
Mulberry,Silverbeet,TRUE,,,,
Mustard,Silverbeet,TRUE,,,,
Nasturtiums,Silverbeet,TRUE,,,,
Onions,Silverbeet,TRUE,,,,
Parsley,Silverbeet,TRUE,,,,
Parsnip,Silverbeet,TRUE,,,,
Peas,Silverbeet,TRUE,,,,
Pennyroyal,Silverbeet,TRUE,,,,
Potato,Silverbeet,TRUE,,,,
Pumpkin,Silverbeet,TRUE,,,,
Radish,Silverbeet,TRUE,,,,
Raspberry,Silverbeet,TRUE,,,,
Rosemary,Silverbeet,TRUE,,,,
Roses,Silverbeet,TRUE,,,,
Rue,Silverbeet,TRUE,,,,
Sage,Silverbeet,TRUE,,,,
Savory,Silverbeet,TRUE,,,,
Shallots,Silverbeet,TRUE,,,,
Silverbeet,Silverbeet,TRUE,,,,
Apple,Spinach,TRUE,,,,
Apricot,Spinach,TRUE,,,,
Asparagus,Spinach,TRUE,,,,
Basil,Spinach,TRUE,,,,
Beans,Spinach,TRUE,,,,
Broad Beans,Spinach,TRUE,,,,
Bush Beans,Spinach,TRUE,,,,
Climbing Beans,Spinach,TRUE,,,,
Beets,Spinach,TRUE,,,,
Borage,Spinach,TRUE,,,,
Broccoli,Spinach,TRUE,,,,
Brussell Sprouts,Spinach,TRUE,,,,
Cabbages,Spinach,TRUE,,,,
Chamomile,Spinach,TRUE,,,,
Carrots,Spinach,TRUE,,,,
Cauliflower,Spinach,TRUE,,,,
Celery,Spinach,TRUE,,,,
Cherry,Spinach,TRUE,,,,
Chervil,Spinach,TRUE,,,,
Chives,Spinach,FALSE,,,,
Coriander,Spinach,TRUE,,,,
Corn,Spinach,TRUE,,,,
Cucumber,Spinach,TRUE,,,,
Dill,Spinach,TRUE,,,,
Eggplant,Spinach,TRUE,,,,
Fennel,Spinach,TRUE,,,,
Marigold,Spinach,TRUE,,,,
Fruit Trees,Spinach,TRUE,,,,
Garlic,Spinach,TRUE,,,,
Gooseberry,Spinach,TRUE,,,,
Grape Vine,Spinach,TRUE,,,,
Grass,Spinach,TRUE,,,,
Horseradish,Spinach,TRUE,,,,
Lavender,Spinach,TRUE,,,,
Leeks,Spinach,TRUE,,,,
Lemon Balm,Spinach,TRUE,,,,
Lettuce,Spinach,TRUE,,,,
Marjoram,Spinach,TRUE,,,,
Mints,Spinach,TRUE,,,,
Mulberry,Spinach,TRUE,,,,
Mustard,Spinach,TRUE,,,,
Nasturtiums,Spinach,FALSE,,,,
Onions,Spinach,TRUE,,,,
Parsley,Spinach,TRUE,,,,
Parsnip,Spinach,TRUE,,,,
Peas,Spinach,TRUE,,,,
Pennyroyal,Spinach,TRUE,,,,
Potato,Spinach,TRUE,,,,
Pumpkin,Spinach,TRUE,,,,
Radish,Spinach,TRUE,,,,
Raspberry,Spinach,TRUE,,,,
Rosemary,Spinach,TRUE,,,,
Roses,Spinach,TRUE,,,,
Rue,Spinach,TRUE,,,,
Sage,Spinach,TRUE,,,,
Savory,Spinach,TRUE,,,,
Shallots,Spinach,TRUE,,,,
Silverbeet,Spinach,TRUE,,,,
Spinach,Spinach,TRUE,,,,
Apple,Squash,TRUE,,,,
Apricot,Squash,TRUE,,,,
Asparagus,Squash,TRUE,,,,
Basil,Squash,TRUE,,,,
Beans,Squash,TRUE,,,,
Broad Beans,Squash,TRUE,,,,
Bush Beans,Squash,TRUE,,,,
Climbing Beans,Squash,TRUE,,,,
Beets,Squash,TRUE,,,,
Borage,Squash,FALSE,,,,
Broccoli,Squash,TRUE,,,,
Brussell Sprouts,Squash,TRUE,,,,
Cabbages,Squash,TRUE,,,,
Chamomile,Squash,TRUE,,,,
Carrots,Squash,TRUE,,,,
Cauliflower,Squash,TRUE,,,,
Celery,Squash,TRUE,,,,
Cherry,Squash,TRUE,,,,
Chervil,Squash,TRUE,,,,
Chives,Squash,TRUE,,,,
Coriander,Squash,TRUE,,,,
Corn,Squash,FALSE,,,,
Cucumber,Squash,TRUE,,,,
Dill,Squash,TRUE,,,,
Eggplant,Squash,TRUE,,,,
Fennel,Squash,TRUE,,,,
Marigold,Squash,FALSE,,,,
Fruit Trees,Squash,FALSE,,,,
Garlic,Squash,FALSE,,,,
Gooseberry,Squash,TRUE,,,,
Grape Vine,Squash,TRUE,,,,
Grass,Squash,TRUE,,,,
Horseradish,Squash,TRUE,,,,
Lavender,Squash,TRUE,,,,
Leeks,Squash,TRUE,,,,
Lemon Balm,Squash,TRUE,,,,
Lettuce,Squash,TRUE,,,,
Marjoram,Squash,FALSE,,,,
Mints,Squash,TRUE,,,,
Mulberry,Squash,TRUE,,,,
Mustard,Squash,TRUE,,,,
Nasturtiums,Squash,TRUE,,,,
Onions,Squash,FALSE,,,,
Parsley,Squash,TRUE,,,,
Parsnip,Squash,TRUE,,,,
Peas,Squash,TRUE,,,,
Pennyroyal,Squash,TRUE,,,,
Potato,Squash,TRUE,,,,
Pumpkin,Squash,TRUE,,,,
Radish,Squash,TRUE,,,,
Raspberry,Squash,TRUE,,,,
Rosemary,Squash,TRUE,,,,
Roses,Squash,TRUE,,,,
Rue,Squash,TRUE,,,,
Sage,Squash,TRUE,,,,
Savory,Squash,TRUE,,,,
Shallots,Squash,TRUE,,,,
Silverbeet,Squash,TRUE,,,,
Spinach,Squash,TRUE,,,,
Squash,Squash,TRUE,,,,
Apple,Strawberries,TRUE,,,,
Apricot,Strawberries,TRUE,,,,
Asparagus,Strawberries,TRUE,,,,
Basil,Strawberries,TRUE,,,,
Beans,Strawberries,TRUE,,,,
Broad Beans,Strawberries,TRUE,,,,
Bush Beans,Strawberries,TRUE,,,,
Climbing Beans,Strawberries,TRUE,,,,
Beets,Strawberries,TRUE,,,,
Borage,Strawberries,TRUE,,,,
Broccoli,Strawberries,TRUE,,,,
Brussell Sprouts,Strawberries,TRUE,,,,
Cabbages,Strawberries,TRUE,,,,
Chamomile,Strawberries,TRUE,,,,
Carrots,Strawberries,TRUE,,,,
Cauliflower,Strawberries,TRUE,,,,
Celery,Strawberries,TRUE,,,,
Cherry,Strawberries,TRUE,,,,
Chervil,Strawberries,TRUE,,,,
Chives,Strawberries,TRUE,,,,
Coriander,Strawberries,TRUE,,,,
Corn,Strawberries,TRUE,,,,
Cucumber,Strawberries,TRUE,,,,
Dill,Strawberries,TRUE,,,,
Eggplant,Strawberries,TRUE,,,,
Fennel,Strawberries,TRUE,,,,
Marigold,Strawberries,TRUE,,,,
Fruit Trees,Strawberries,TRUE,,,,
Garlic,Strawberries,FALSE,,,,
Gooseberry,Strawberries,TRUE,,,,
Grape Vine,Strawberries,TRUE,,,,
Grass,Strawberries,TRUE,,,,
Horseradish,Strawberries,TRUE,,,,
Lavender,Strawberries,TRUE,,,,
Leeks,Strawberries,TRUE,,,,
Lemon Balm,Strawberries,TRUE,,,,
Lettuce,Strawberries,TRUE,,,,
Marjoram,Strawberries,TRUE,,,,
Mints,Strawberries,TRUE,,,,
Mulberry,Strawberries,TRUE,,,,
Mustard,Strawberries,TRUE,,,,
Nasturtiums,Strawberries,TRUE,,,,
Onions,Strawberries,TRUE,,,,
Parsley,Strawberries,TRUE,,,,
Parsnip,Strawberries,TRUE,,,,
Peas,Strawberries,TRUE,,,,
Pennyroyal,Strawberries,TRUE,,,,
Potato,Strawberries,TRUE,,,,
Pumpkin,Strawberries,TRUE,,,,
Radish,Strawberries,TRUE,,,,
Raspberry,Strawberries,TRUE,,,,
Rosemary,Strawberries,TRUE,,,,
Roses,Strawberries,TRUE,,,,
Rue,Strawberries,TRUE,,,,
Sage,Strawberries,TRUE,,,,
Savory,Strawberries,TRUE,,,,
Shallots,Strawberries,TRUE,,,,
Silverbeet,Strawberries,TRUE,,,,
Spinach,Strawberries,TRUE,,,,
Squash,Strawberries,TRUE,,,,
Strawberries,Strawberries,TRUE,,,,
Apple,Stinging Nettle,TRUE,,,,
Apricot,Stinging Nettle,TRUE,,,,
Asparagus,Stinging Nettle,TRUE,,,,
Basil,Stinging Nettle,TRUE,,,,
Beans,Stinging Nettle,TRUE,,,,
Broad Beans,Stinging Nettle,TRUE,,,,
Bush Beans,Stinging Nettle,TRUE,,,,
Climbing Beans,Stinging Nettle,TRUE,,,,
Beets,Stinging Nettle,TRUE,,,,
Borage,Stinging Nettle,TRUE,,,,
Broccoli,Stinging Nettle,TRUE,,,,
Brussell Sprouts,Stinging Nettle,TRUE,,,,
Cabbages,Stinging Nettle,TRUE,,,,
Chamomile,Stinging Nettle,TRUE,,,,
Carrots,Stinging Nettle,TRUE,,,,
Cauliflower,Stinging Nettle,TRUE,,,,
Celery,Stinging Nettle,TRUE,,,,
Cherry,Stinging Nettle,TRUE,,,,
Chervil,Stinging Nettle,TRUE,,,,
Chives,Stinging Nettle,TRUE,,,,
Coriander,Stinging Nettle,TRUE,,,,
Corn,Stinging Nettle,TRUE,,,,
Cucumber,Stinging Nettle,TRUE,,,,
Dill,Stinging Nettle,TRUE,,,,
Eggplant,Stinging Nettle,TRUE,,,,
Fennel,Stinging Nettle,TRUE,,,,
Marigold,Stinging Nettle,TRUE,,,,
Fruit Trees,Stinging Nettle,TRUE,,,,
Garlic,Stinging Nettle,TRUE,,,,
Gooseberry,Stinging Nettle,TRUE,,,,
Grape Vine,Stinging Nettle,TRUE,,,,
Grass,Stinging Nettle,TRUE,,,,
Horseradish,Stinging Nettle,TRUE,,,,
Lavender,Stinging Nettle,TRUE,,,,
Leeks,Stinging Nettle,TRUE,,,,
Lemon Balm,Stinging Nettle,TRUE,,,,
Lettuce,Stinging Nettle,TRUE,,,,
Marjoram,Stinging Nettle,TRUE,,,,
Mints,Stinging Nettle,TRUE,,,,
Mulberry,Stinging Nettle,TRUE,,,,
Mustard,Stinging Nettle,TRUE,,,,
Nasturtiums,Stinging Nettle,TRUE,,,,
Onions,Stinging Nettle,TRUE,,,,
Parsley,Stinging Nettle,TRUE,,,,
Parsnip,Stinging Nettle,TRUE,,,,
Peas,Stinging Nettle,TRUE,,,,
Pennyroyal,Stinging Nettle,TRUE,,,,
Potato,Stinging Nettle,TRUE,,,,
Pumpkin,Stinging Nettle,TRUE,,,,
Radish,Stinging Nettle,TRUE,,,,
Raspberry,Stinging Nettle,TRUE,,,,
Rosemary,Stinging Nettle,TRUE,,,,
Roses,Stinging Nettle,TRUE,,,,
Rue,Stinging Nettle,TRUE,,,,
Sage,Stinging Nettle,TRUE,,,,
Savory,Stinging Nettle,TRUE,,,,
Shallots,Stinging Nettle,TRUE,,,,
Silverbeet,Stinging Nettle,TRUE,,,,
Spinach,Stinging Nettle,TRUE,,,,
Squash,Stinging Nettle,TRUE,,,,
Strawberries,Stinging Nettle,TRUE,,,,
Stinging Nettle,Stinging Nettle,TRUE,,,,
Apple,Sunï¬‚ower,TRUE,,,,
Apricot,Sunï¬‚ower,TRUE,,,,
Asparagus,Sunï¬‚ower,TRUE,,,,
Basil,Sunï¬‚ower,TRUE,,,,
Beans,Sunï¬‚ower,TRUE,,,,
Broad Beans,Sunï¬‚ower,TRUE,,,,
Bush Beans,Sunï¬‚ower,TRUE,,,,
Climbing Beans,Sunï¬‚ower,TRUE,,,,
Beets,Sunï¬‚ower,TRUE,,,,
Borage,Sunï¬‚ower,TRUE,,,,
Broccoli,Sunï¬‚ower,TRUE,,,,
Brussell Sprouts,Sunï¬‚ower,TRUE,,,,
Cabbages,Sunï¬‚ower,TRUE,,,,
Chamomile,Sunï¬‚ower,TRUE,,,,
Carrots,Sunï¬‚ower,TRUE,,,,
Cauliflower,Sunï¬‚ower,TRUE,,,,
Celery,Sunï¬‚ower,TRUE,,,,
Cherry,Sunï¬‚ower,TRUE,,,,
Chervil,Sunï¬‚ower,TRUE,,,,
Chives,Sunï¬‚ower,TRUE,,,,
Coriander,Sunï¬‚ower,TRUE,,,,
Corn,Sunï¬‚ower,TRUE,,,,
Cucumber,Sunï¬‚ower,TRUE,,,,
Dill,Sunï¬‚ower,TRUE,,,,
Eggplant,Sunï¬‚ower,TRUE,,,,
Fennel,Sunï¬‚ower,TRUE,,,,
Marigold,Sunï¬‚ower,TRUE,,,,
Fruit Trees,Sunï¬‚ower,TRUE,,,,
Garlic,Sunï¬‚ower,TRUE,,,,
Gooseberry,Sunï¬‚ower,TRUE,,,,
Grape Vine,Sunï¬‚ower,TRUE,,,,
Grass,Sunï¬‚ower,TRUE,,,,
Horseradish,Sunï¬‚ower,TRUE,,,,
Lavender,Sunï¬‚ower,TRUE,,,,
Leeks,Sunï¬‚ower,TRUE,,,,
Lemon Balm,Sunï¬‚ower,TRUE,,,,
Lettuce,Sunï¬‚ower,TRUE,,,,
Marjoram,Sunï¬‚ower,TRUE,,,,
Mints,Sunï¬‚ower,TRUE,,,,
Mulberry,Sunï¬‚ower,TRUE,,,,
Mustard,Sunï¬‚ower,TRUE,,,,
Nasturtiums,Sunï¬‚ower,TRUE,,,,
Onions,Sunï¬‚ower,TRUE,,,,
Parsley,Sunï¬‚ower,TRUE,,,,
Parsnip,Sunï¬‚ower,TRUE,,,,
Peas,Sunï¬‚ower,TRUE,,,,
Pennyroyal,Sunï¬‚ower,TRUE,,,,
Potato,Sunï¬‚ower,TRUE,,,,
Pumpkin,Sunï¬‚ower,TRUE,,,,
Radish,Sunï¬‚ower,TRUE,,,,
Raspberry,Sunï¬‚ower,TRUE,,,,
Rosemary,Sunï¬‚ower,TRUE,,,,
Roses,Sunï¬‚ower,TRUE,,,,
Rue,Sunï¬‚ower,TRUE,,,,
Sage,Sunï¬‚ower,TRUE,,,,
Savory,Sunï¬‚ower,TRUE,,,,
Shallots,Sunï¬‚ower,TRUE,,,,
Silverbeet,Sunï¬‚ower,TRUE,,,,
Spinach,Sunï¬‚ower,TRUE,,,,
Squash,Sunï¬‚ower,FALSE,,,,
Strawberries,Sunï¬‚ower,TRUE,,,,
Stinging Nettle,Sunï¬‚ower,TRUE,,,,
Sunï¬‚ower,Sunï¬‚ower,TRUE,,,,
Apple,Tansy,TRUE,,,,
Apricot,Tansy,TRUE,,,,
Asparagus,Tansy,TRUE,,,,
Basil,Tansy,TRUE,,,,
Beans,Tansy,TRUE,,,,
Broad Beans,Tansy,TRUE,,,,
Bush Beans,Tansy,TRUE,,,,
Climbing Beans,Tansy,TRUE,,,,
Beets,Tansy,TRUE,,,,
Borage,Tansy,TRUE,,,,
Broccoli,Tansy,TRUE,,,,
Brussell Sprouts,Tansy,TRUE,,,,
Cabbages,Tansy,TRUE,,,,
Chamomile,Tansy,TRUE,,,,
Carrots,Tansy,TRUE,,,,
Cauliflower,Tansy,TRUE,,,,
Celery,Tansy,TRUE,,,,
Cherry,Tansy,TRUE,,,,
Chervil,Tansy,TRUE,,,,
Chives,Tansy,TRUE,,,,
Coriander,Tansy,TRUE,,,,
Corn,Tansy,TRUE,,,,
Cucumber,Tansy,TRUE,,,,
Dill,Tansy,TRUE,,,,
Eggplant,Tansy,TRUE,,,,
Fennel,Tansy,TRUE,,,,
Marigold,Tansy,TRUE,,,,
Fruit Trees,Tansy,TRUE,,,,
Garlic,Tansy,TRUE,,,,
Gooseberry,Tansy,TRUE,,,,
Grape Vine,Tansy,TRUE,,,,
Grass,Tansy,TRUE,,,,
Horseradish,Tansy,TRUE,,,,
Lavender,Tansy,TRUE,,,,
Leeks,Tansy,TRUE,,,,
Lemon Balm,Tansy,TRUE,,,,
Lettuce,Tansy,TRUE,,,,
Marjoram,Tansy,TRUE,,,,
Mints,Tansy,TRUE,,,,
Mulberry,Tansy,TRUE,,,,
Mustard,Tansy,TRUE,,,,
Nasturtiums,Tansy,TRUE,,,,
Onions,Tansy,TRUE,,,,
Parsley,Tansy,TRUE,,,,
Parsnip,Tansy,TRUE,,,,
Peas,Tansy,TRUE,,,,
Pennyroyal,Tansy,TRUE,,,,
Potato,Tansy,TRUE,,,,
Pumpkin,Tansy,TRUE,,,,
Radish,Tansy,TRUE,,,,
Raspberry,Tansy,TRUE,,,,
Rosemary,Tansy,TRUE,,,,
Roses,Tansy,TRUE,,,,
Rue,Tansy,TRUE,,,,
Sage,Tansy,TRUE,,,,
Savory,Tansy,TRUE,,,,
Shallots,Tansy,TRUE,,,,
Silverbeet,Tansy,TRUE,,,,
Spinach,Tansy,TRUE,,,,
Squash,Tansy,FALSE,,,,
Strawberries,Tansy,TRUE,,,,
Stinging Nettle,Tansy,TRUE,,,,
Sunï¬‚ower,Tansy,TRUE,,,,
Tansy,Tansy,TRUE,,,,
Apple,Thyme,TRUE,,,,
Apricot,Thyme,TRUE,,,,
Asparagus,Thyme,TRUE,,,,
Basil,Thyme,TRUE,,,,
Beans,Thyme,TRUE,,,,
Broad Beans,Thyme,TRUE,,,,
Bush Beans,Thyme,TRUE,,,,
Climbing Beans,Thyme,TRUE,,,,
Beets,Thyme,TRUE,,,,
Borage,Thyme,TRUE,,,,
Broccoli,Thyme,TRUE,,,,
Brussell Sprouts,Thyme,TRUE,,,,
Cabbages,Thyme,TRUE,,,,
Chamomile,Thyme,TRUE,,,,
Carrots,Thyme,TRUE,,,,
Cauliflower,Thyme,TRUE,,,,
Celery,Thyme,TRUE,,,,
Cherry,Thyme,TRUE,,,,
Chervil,Thyme,TRUE,,,,
Chives,Thyme,TRUE,,,,
Coriander,Thyme,TRUE,,,,
Corn,Thyme,TRUE,,,,
Cucumber,Thyme,TRUE,,,,
Dill,Thyme,TRUE,,,,
Eggplant,Thyme,TRUE,,,,
Fennel,Thyme,TRUE,,,,
Marigold,Thyme,TRUE,,,,
Fruit Trees,Thyme,TRUE,,,,
Garlic,Thyme,TRUE,,,,
Gooseberry,Thyme,TRUE,,,,
Grape Vine,Thyme,TRUE,,,,
Grass,Thyme,TRUE,,,,
Horseradish,Thyme,TRUE,,,,
Lavender,Thyme,TRUE,,,,
Leeks,Thyme,TRUE,,,,
Lemon Balm,Thyme,TRUE,,,,
Lettuce,Thyme,TRUE,,,,
Marjoram,Thyme,TRUE,,,,
Mints,Thyme,TRUE,,,,
Mulberry,Thyme,TRUE,,,,
Mustard,Thyme,TRUE,,,,
Nasturtiums,Thyme,TRUE,,,,
Onions,Thyme,TRUE,,,,
Parsley,Thyme,TRUE,,,,
Parsnip,Thyme,TRUE,,,,
Peas,Thyme,TRUE,,,,
Pennyroyal,Thyme,TRUE,,,,
Potato,Thyme,TRUE,,,,
Pumpkin,Thyme,TRUE,,,,
Radish,Thyme,TRUE,,,,
Raspberry,Thyme,TRUE,,,,
Rosemary,Thyme,TRUE,,,,
Roses,Thyme,TRUE,,,,
Rue,Thyme,TRUE,,,,
Sage,Thyme,TRUE,,,,
Savory,Thyme,TRUE,,,,
Shallots,Thyme,TRUE,,,,
Silverbeet,Thyme,TRUE,,,,
Spinach,Thyme,TRUE,,,,
Squash,Thyme,TRUE,,,,
Strawberries,Thyme,TRUE,,,,
Stinging Nettle,Thyme,TRUE,,,,
Sunï¬‚ower,Thyme,TRUE,,,,
Tansy,Thyme,TRUE,,,,
Thyme,Thyme,TRUE,,,,
Apple,Tomato,TRUE,,,,
Apricot,Tomato,TRUE,,,,
Asparagus,Tomato,TRUE,,,,
Basil,Tomato,TRUE,,,,
Beans,Tomato,TRUE,,,,
Broad Beans,Tomato,TRUE,,,,
Bush Beans,Tomato,TRUE,,,,
Climbing Beans,Tomato,FALSE,,,,
Beets,Tomato,TRUE,,,,
Borage,Tomato,TRUE,,,,
Broccoli,Tomato,TRUE,,,,
Brussell Sprouts,Tomato,TRUE,,,,
Cabbages,Tomato,TRUE,,,,
Chamomile,Tomato,TRUE,,,,
Carrots,Tomato,TRUE,,,,
Cauliflower,Tomato,TRUE,,,,
Celery,Tomato,TRUE,,,,
Cherry,Tomato,FALSE,,,,
Chervil,Tomato,TRUE,,,,
Chives,Tomato,TRUE,,,,
Coriander,Tomato,TRUE,,,,
Corn,Tomato,TRUE,,,,
Cucumber,Tomato,TRUE,,,,
Dill,Tomato,TRUE,,,,
Eggplant,Tomato,TRUE,,,,
Fennel,Tomato,TRUE,,,,
Marigold,Tomato,TRUE,,,,
Fruit Trees,Tomato,TRUE,,,,
Garlic,Tomato,TRUE,,,,
Gooseberry,Tomato,TRUE,,,,
Grape Vine,Tomato,TRUE,,,,
Grass,Tomato,TRUE,,,,
Horseradish,Tomato,TRUE,,,,
Lavender,Tomato,TRUE,,,,
Leeks,Tomato,TRUE,,,,
Lemon Balm,Tomato,TRUE,,,,
Lettuce,Tomato,TRUE,,,,
Marjoram,Tomato,TRUE,,,,
Mints,Tomato,TRUE,,,,
Mulberry,Tomato,TRUE,,,,
Mustard,Tomato,TRUE,,,,
Nasturtiums,Tomato,TRUE,,,,
Onions,Tomato,TRUE,,,,
Parsley,Tomato,TRUE,,,,
Parsnip,Tomato,TRUE,,,,
Peas,Tomato,TRUE,,,,
Pennyroyal,Tomato,TRUE,,,,
Potato,Tomato,TRUE,,,,
Pumpkin,Tomato,TRUE,,,,
Radish,Tomato,TRUE,,,,
Raspberry,Tomato,TRUE,,,,
Rosemary,Tomato,TRUE,,,,
Roses,Tomato,TRUE,,,,
Rue,Tomato,TRUE,,,,
Sage,Tomato,TRUE,,,,
Savory,Tomato,TRUE,,,,
Shallots,Tomato,TRUE,,,,
Silverbeet,Tomato,TRUE,,,,
Spinach,Tomato,TRUE,,,,
Squash,Tomato,TRUE,,,,
Strawberries,Tomato,TRUE,,,,
Stinging Nettle,Tomato,TRUE,,,,
Sunï¬‚ower,Tomato,TRUE,,,,
Tansy,Tomato,TRUE,,,,
Thyme,Tomato,TRUE,,,,
Tomato,Tomato,TRUE,,,,
Apple,Yarrow,TRUE,,,,
Apricot,Yarrow,TRUE,,,,
Asparagus,Yarrow,TRUE,,,,
Basil,Yarrow,TRUE,,,,
Beans,Yarrow,TRUE,,,,
Broad Beans,Yarrow,TRUE,,,,
Bush Beans,Yarrow,TRUE,,,,
Climbing Beans,Yarrow,TRUE,,,,
Beets,Yarrow,TRUE,,,,
Borage,Yarrow,TRUE,,,,
Broccoli,Yarrow,TRUE,,,,
Brussell Sprouts,Yarrow,TRUE,,,,
Cabbages,Yarrow,TRUE,,,,
Chamomile,Yarrow,TRUE,,,,
Carrots,Yarrow,TRUE,,,,
Cauliflower,Yarrow,TRUE,,,,
Celery,Yarrow,TRUE,,,,
Cherry,Yarrow,TRUE,,,,
Chervil,Yarrow,FALSE,,,,
Chives,Yarrow,TRUE,,,,
Coriander,Yarrow,TRUE,,,,
Corn,Yarrow,TRUE,,,,
Cucumber,Yarrow,TRUE,,,,
Dill,Yarrow,TRUE,,,,
Eggplant,Yarrow,TRUE,,,,
Fennel,Yarrow,TRUE,,,,
Marigold,Yarrow,TRUE,,,,
Fruit Trees,Yarrow,TRUE,,,,
Garlic,Yarrow,TRUE,,,,
Gooseberry,Yarrow,TRUE,,,,
Grape Vine,Yarrow,TRUE,,,,
Grass,Yarrow,TRUE,,,,
Horseradish,Yarrow,TRUE,,,,
Lavender,Yarrow,TRUE,,,,
Leeks,Yarrow,TRUE,,,,
Lemon Balm,Yarrow,TRUE,,,,
Lettuce,Yarrow,TRUE,,,,
Marjoram,Yarrow,TRUE,,,,
Mints,Yarrow,TRUE,,,,
Mulberry,Yarrow,TRUE,,,,
Mustard,Yarrow,TRUE,,,,
Nasturtiums,Yarrow,TRUE,,,,
Onions,Yarrow,TRUE,,,,
Parsley,Yarrow,TRUE,,,,
Parsnip,Yarrow,TRUE,,,,
Peas,Yarrow,TRUE,,,,
Pennyroyal,Yarrow,TRUE,,,,
Potato,Yarrow,TRUE,,,,
Pumpkin,Yarrow,TRUE,,,,
Radish,Yarrow,TRUE,,,,
Raspberry,Yarrow,TRUE,,,,
Rosemary,Yarrow,TRUE,,,,
Roses,Yarrow,TRUE,,,,
Rue,Yarrow,TRUE,,,,
Sage,Yarrow,TRUE,,,,
Savory,Yarrow,TRUE,,,,
Shallots,Yarrow,TRUE,,,,
Silverbeet,Yarrow,TRUE,,,,
Spinach,Yarrow,TRUE,,,,
Squash,Yarrow,TRUE,,,,
Strawberries,Yarrow,TRUE,,,,
Stinging Nettle,Yarrow,TRUE,,,,
Sunï¬‚ower,Yarrow,TRUE,,,,
Tansy,Yarrow,FALSE,,,,
Thyme,Yarrow,TRUE,,,,
Tomato,Yarrow,TRUE,,,,
Yarrow,Yarrow,TRUE,,,,
Apple,Zucchini,TRUE,,,,
Apricot,Zucchini,TRUE,,,,
Asparagus,Zucchini,TRUE,,,,
Basil,Zucchini,TRUE,,,,
Beans,Zucchini,TRUE,,,,
Broad Beans,Zucchini,TRUE,,,,
Bush Beans,Zucchini,TRUE,,,,
Climbing Beans,Zucchini,TRUE,,,,
Beets,Zucchini,TRUE,,,,
Borage,Zucchini,TRUE,,,,
Broccoli,Zucchini,TRUE,,,,
Brussell Sprouts,Zucchini,TRUE,,,,
Cabbages,Zucchini,TRUE,,,,
Chamomile,Zucchini,TRUE,,,,
Carrots,Zucchini,TRUE,,,,
Cauliflower,Zucchini,TRUE,,,,
Celery,Zucchini,TRUE,,,,
Cherry,Zucchini,TRUE,,,,
Chervil,Zucchini,TRUE,,,,
Chives,Zucchini,TRUE,,,,
Coriander,Zucchini,TRUE,,,,
Corn,Zucchini,TRUE,,,,
Cucumber,Zucchini,TRUE,,,,
Dill,Zucchini,TRUE,,,,
Eggplant,Zucchini,TRUE,,,,
Fennel,Zucchini,TRUE,,,,
Marigold,Zucchini,TRUE,,,,
Fruit Trees,Zucchini,TRUE,,,,
Garlic,Zucchini,TRUE,,,,
Gooseberry,Zucchini,TRUE,,,,
Grape Vine,Zucchini,TRUE,,,,
Grass,Zucchini,TRUE,,,,
Horseradish,Zucchini,TRUE,,,,
Lavender,Zucchini,TRUE,,,,
Leeks,Zucchini,TRUE,,,,
Lemon Balm,Zucchini,TRUE,,,,
Lettuce,Zucchini,TRUE,,,,
Marjoram,Zucchini,TRUE,,,,
Mints,Zucchini,TRUE,,,,
Mulberry,Zucchini,TRUE,,,,
Mustard,Zucchini,TRUE,,,,
Nasturtiums,Zucchini,TRUE,,,,
Onions,Zucchini,TRUE,,,,
Parsley,Zucchini,TRUE,,,,
Parsnip,Zucchini,TRUE,,,,
Peas,Zucchini,TRUE,,,,
Pennyroyal,Zucchini,TRUE,,,,
Potato,Zucchini,TRUE,,,,
Pumpkin,Zucchini,TRUE,,,,
Radish,Zucchini,TRUE,,,,
Raspberry,Zucchini,TRUE,,,,
Rosemary,Zucchini,TRUE,,,,
Roses,Zucchini,TRUE,,,,
Rue,Zucchini,TRUE,,,,
Sage,Zucchini,TRUE,,,,
Savory,Zucchini,TRUE,,,,
Shallots,Zucchini,TRUE,,,,
Silverbeet,Zucchini,TRUE,,,,
Spinach,Zucchini,TRUE,,,,
Squash,Zucchini,TRUE,,,,
Strawberries,Zucchini,TRUE,,,,
Stinging Nettle,Zucchini,TRUE,,,,
Sunï¬‚ower,Zucchini,TRUE,,,,
Tansy,Zucchini,TRUE,,,,
Thyme,Zucchini,TRUE,,,,
Tomato,Zucchini,TRUE,,,,
Yarrow,Zucchini,TRUE,,,,
Zucchini,Zucchini,TRUE,,,,
